<?xml version="1.0" encoding="UTF-8"?><?xml-stylesheet type="text/css" href="idempiereDocument.css"?><idempiereDocument>
    <header>BH_StockTake Package Description</header>
    <H1>Package Name:</H1>
    <packagename>BH_StockTake</packagename>
    <H1>Author:</H1>
    <Name:/>
    <H1>Email Address:</H1>
    <Email/>
    <H1>Created:</H1>
    <Date>2018-06-13 08:52:56.219</Date>
    <H1>Updated:</H1>
    <Date>2019-10-08 10:35:32.224</Date>
    <H1>Description:</H1>
    <description>+ Stock Take Windows and DB View                                                                                                                                                                                                                                                       + Enable product autocomplete search</description>
    <H1>Instructions:</H1>
    <instructions/>
    <H1>Files in Package:</H1>
    <file>File: PackOut.xml</file>
    <filedirectory>Directory: \dict\</filedirectory>
    <filenotes>Notes: Contains all application/object settings for package</filenotes>
    <H1>Client:</H1>
    <Client>0-SYSTEM-System</Client>
</idempiereDocument>
