<?xml version="1.0" encoding="UTF-8"?><?xml-stylesheet type="text/css" href="idempiereDocument.css"?><idempiereDocument>
    <header>BH_PatientBilling Package Description</header>
    <H1>Package Name:</H1>
    <packagename>BH_PatientBilling</packagename>
    <H1>Author:</H1>
    <Name:/>
    <H1>Email Address:</H1>
    <Email/>
    <H1>Created:</H1>
    <Date>2018-06-12 11:17:26.829</Date>
    <H1>Updated:</H1>
    <Date>2021-02-18 16:02:58.23</Date>
    <H1>Description:</H1>
    <description>Use: Manage the billing process for patients

Commit Change(s):
 + Add BH_Process_stage field</description>
    <H1>Instructions:</H1>
    <instructions/>
    <H1>Files in Package:</H1>
    <file>File: PackOut.xml</file>
    <filedirectory>Directory: \dict\</filedirectory>
    <filenotes>Notes: Contains all application/object settings for package</filenotes>
    <H1>Client:</H1>
    <Client>0-SYSTEM-System</Client>
</idempiereDocument>
