<?xml version="1.0" encoding="UTF-8"?><?xml-stylesheet type="text/css" href="idempiereDocument.css"?><idempiereDocument>
    <header>BH_ScheduledReports Package Description</header>
    <H1>Package Name:</H1>
    <packagename>BH_ScheduledReports</packagename>
    <H1>Author:</H1>
    <Name:/>
    <H1>Email Address:</H1>
    <Email/>
    <H1>Created:</H1>
    <Date>2018-07-18 10:26:01.451</Date>
    <H1>Updated:</H1>
    <Date>2020-02-17 12:50:17.434</Date>
    <H1>Description:</H1>
    <description>Store report db views, and processes                                                                                                                                                                                                                                                                                                                                                                  + Added the products without prices report</description>
    <H1>Instructions:</H1>
    <instructions/>
    <H1>Files in Package:</H1>
    <file>File: PackOut.xml</file>
    <filedirectory>Directory: \dict\</filedirectory>
    <filenotes>Notes: Contains all application/object settings for package</filenotes>
    <H1>Client:</H1>
    <Client>0-SYSTEM-System</Client>
</idempiereDocument>
