<?xml version="1.0" encoding="UTF-8"?><idempiere Name="BH_PatientBilling" Version="10.0.24" idempiereVersion="" DataBaseVersion="" Description="Use: Manage the billing process for patients&#10;&#10;Commit Change(s):&#10; + 10.0.24 - Adding visit date and referred from/to fields&#10; + Add BH_Process_stage field" Author="" AuthorEmail="" CreatedDate="2018-06-12 11:17:26.829" UpdatedDate="2021-03-09 16:13:49.815" PackOutVersion="100" UpdateDictionary="true" Client="0-SYSTEM-System" AD_Client_UU="11237b53-9592-4af1-b3c5-afd216514b5d">
    <AD_Menu type="table">
        <SeqNo>16</SeqNo>
        <AD_Client_ID>0</AD_Client_ID>
        <AD_Org_ID>0</AD_Org_ID>
        <Name>Patient Bill</Name>
        <Description>Enter and change sales orders</Description>
        <Action>W</Action>
        <AD_Window_ID reference="uuid" reference-key="AD_Window">a1f3e45c-4a6f-4c05-af26-517b8e9cbb77</AD_Window_ID>
        <AD_Workflow_ID reference="id"/>
        <AD_Task_ID reference="id"/>
        <AD_Org_ID reference="id">0</AD_Org_ID>
        <IsActive>Y</IsActive>
        <IsSummary>N</IsSummary>
        <AD_Process_ID reference="id"/>
        <IsSOTrx>Y</IsSOTrx>
        <AD_Form_ID reference="id"/>
        <IsReadOnly>N</IsReadOnly>
        <EntityType>U</EntityType>
        <IsCentrallyMaintained>Y</IsCentrallyMaintained>
        <AD_Menu_UU>9b253f4b-0e48-4caa-b88f-9850e138a00c</AD_Menu_UU>
        <AD_InfoWindow_ID reference="id"/>
        <AD_Menu_Trl type="translation">
            <Description>Enter and change sales orders</Description>
            <Name>BH Sales Order</Name>
            <AD_Language>zh_CN</AD_Language>
            <IsActive>Y</IsActive>
            <IsTranslated>N</IsTranslated>
        </AD_Menu_Trl>
        <AD_Menu_Trl type="translation">
            <Description>Enter and change sales orders</Description>
            <Name>Patient Bill</Name>
            <AD_Language>fr_FR</AD_Language>
            <IsActive>Y</IsActive>
            <IsTranslated>N</IsTranslated>
        </AD_Menu_Trl>
        <AD_Element type="table">
            <AD_Client_ID>0</AD_Client_ID>
            <AD_Org_ID>0</AD_Org_ID>
            <AD_Org_ID reference="id">0</AD_Org_ID>
            <IsActive>Y</IsActive>
            <ColumnName>BH_ReferredFromTo</ColumnName>
            <Name>Referred From/To</Name>
            <Description/>
            <Help/>
            <PrintName>Referred From/To</PrintName>
            <PO_Description/>
            <PO_Help/>
            <PO_Name/>
            <PO_PrintName/>
            <EntityType>U</EntityType>
            <AD_Element_UU>44246b9e-5ad4-4b01-8eb1-8410c513a521</AD_Element_UU>
            <Placeholder/>
            <AD_Element_Trl type="translation">
                <Description/>
                <Help/>
                <Name>Referred From/To</Name>
                <Placeholder/>
                <PO_Description/>
                <PO_Help/>
                <PO_Name/>
                <PO_PrintName/>
                <PrintName>Referred From/To</PrintName>
                <AD_Language>zh_CN</AD_Language>
                <IsActive>Y</IsActive>
                <IsTranslated>N</IsTranslated>
            </AD_Element_Trl>
            <AD_Element_Trl type="translation">
                <Description/>
                <Help/>
                <Name>Referred From/To</Name>
                <Placeholder/>
                <PO_Description/>
                <PO_Help/>
                <PO_Name/>
                <PO_PrintName/>
                <PrintName>Referred From/To</PrintName>
                <AD_Language>fr_FR</AD_Language>
                <IsActive>Y</IsActive>
                <IsTranslated>N</IsTranslated>
            </AD_Element_Trl>
        </AD_Element>
        <AD_Column type="table">
            <IsSyncDatabase>Y</IsSyncDatabase>
            <AD_Table_ID reference="id">259</AD_Table_ID>
            <AD_Reference_Value_ID reference="id"/>
            <AD_Client_ID>0</AD_Client_ID>
            <AD_Org_ID>0</AD_Org_ID>
            <Version>0</Version>
            <Name>Referred From/To</Name>
            <Description/>
            <Help/>
            <AD_Val_Rule_ID reference="id"/>
            <ColumnName>BH_ReferredFromTo</ColumnName>
            <DefaultValue/>
            <FieldLength>100</FieldLength>
            <IsKey>N</IsKey>
            <IsParent>N</IsParent>
            <IsMandatory>N</IsMandatory>
            <IsTranslated>N</IsTranslated>
            <IsIdentifier>N</IsIdentifier>
            <SeqNo>0</SeqNo>
            <IsEncrypted>N</IsEncrypted>
            <AD_Reference_ID reference="id">10</AD_Reference_ID>
            <AD_Org_ID reference="id">0</AD_Org_ID>
            <IsActive>Y</IsActive>
            <VFormat/>
            <Callout/>
            <AD_Element_ID reference="uuid" reference-key="AD_Element">44246b9e-5ad4-4b01-8eb1-8410c513a521</AD_Element_ID>
            <IsUpdateable>Y</IsUpdateable>
            <AD_Process_ID reference="id"/>
            <ValueMin/>
            <ValueMax/>
            <IsSelectionColumn>N</IsSelectionColumn>
            <ReadOnlyLogic/>
            <EntityType>U</EntityType>
            <IsAlwaysUpdateable>N</IsAlwaysUpdateable>
            <ColumnSQL/>
            <MandatoryLogic/>
            <IsAutocomplete>N</IsAutocomplete>
            <IsAllowLogging>Y</IsAllowLogging>
            <FormatPattern/>
            <AD_Chart_ID reference="id"/>
            <AD_Column_UU>7b0e4163-a8ec-4fc5-b92e-3a22b819f032</AD_Column_UU>
            <IsAllowCopy>Y</IsAllowCopy>
            <SeqNoSelection>0</SeqNoSelection>
            <IsToolbarButton>N</IsToolbarButton>
            <IsSecure>N</IsSecure>
            <FKConstraintName/>
            <FKConstraintType>N</FKConstraintType>
            <PA_DashboardContent_ID reference="id"/>
            <Placeholder/>
            <IsHtml>N</IsHtml>
            <AD_Val_Rule_Lookup_ID reference="id"/>
        </AD_Column>
        <AD_Element type="table">
            <AD_Client_ID>0</AD_Client_ID>
            <AD_Org_ID>0</AD_Org_ID>
            <AD_Org_ID reference="id">0</AD_Org_ID>
            <IsActive>Y</IsActive>
            <ColumnName>BH_VisitDate</ColumnName>
            <Name>Visit Date</Name>
            <Description/>
            <Help/>
            <PrintName>Visit Date</PrintName>
            <PO_Description/>
            <PO_Help/>
            <PO_Name/>
            <PO_PrintName/>
            <EntityType>U</EntityType>
            <AD_Element_UU>ee46f65a-610f-4396-a994-cb2e722a864d</AD_Element_UU>
            <Placeholder/>
            <AD_Element_Trl type="translation">
                <Description/>
                <Help/>
                <Name>Visit Date</Name>
                <Placeholder/>
                <PO_Description/>
                <PO_Help/>
                <PO_Name/>
                <PO_PrintName/>
                <PrintName>Visit Date</PrintName>
                <AD_Language>zh_CN</AD_Language>
                <IsActive>Y</IsActive>
                <IsTranslated>N</IsTranslated>
            </AD_Element_Trl>
            <AD_Element_Trl type="translation">
                <Description/>
                <Help/>
                <Name>Visit Date</Name>
                <Placeholder/>
                <PO_Description/>
                <PO_Help/>
                <PO_Name/>
                <PO_PrintName/>
                <PrintName>Visit Date</PrintName>
                <AD_Language>fr_FR</AD_Language>
                <IsActive>Y</IsActive>
                <IsTranslated>N</IsTranslated>
            </AD_Element_Trl>
        </AD_Element>
        <AD_Column type="table">
            <IsSyncDatabase>Y</IsSyncDatabase>
            <AD_Table_ID reference="id">259</AD_Table_ID>
            <AD_Reference_Value_ID reference="id"/>
            <AD_Client_ID>0</AD_Client_ID>
            <AD_Org_ID>0</AD_Org_ID>
            <Version>0</Version>
            <Name>Visit Date</Name>
            <Description/>
            <Help/>
            <AD_Val_Rule_ID reference="id"/>
            <ColumnName>BH_VisitDate</ColumnName>
            <DefaultValue/>
            <FieldLength>7</FieldLength>
            <IsKey>N</IsKey>
            <IsParent>N</IsParent>
            <IsMandatory>N</IsMandatory>
            <IsTranslated>N</IsTranslated>
            <IsIdentifier>N</IsIdentifier>
            <SeqNo>0</SeqNo>
            <IsEncrypted>N</IsEncrypted>
            <AD_Reference_ID reference="id">16</AD_Reference_ID>
            <AD_Org_ID reference="id">0</AD_Org_ID>
            <IsActive>Y</IsActive>
            <VFormat/>
            <Callout/>
            <AD_Element_ID reference="uuid" reference-key="AD_Element">ee46f65a-610f-4396-a994-cb2e722a864d</AD_Element_ID>
            <IsUpdateable>Y</IsUpdateable>
            <AD_Process_ID reference="id"/>
            <ValueMin/>
            <ValueMax/>
            <IsSelectionColumn>N</IsSelectionColumn>
            <ReadOnlyLogic/>
            <EntityType>U</EntityType>
            <IsAlwaysUpdateable>N</IsAlwaysUpdateable>
            <ColumnSQL/>
            <MandatoryLogic/>
            <IsAutocomplete>N</IsAutocomplete>
            <IsAllowLogging>Y</IsAllowLogging>
            <FormatPattern/>
            <AD_Chart_ID reference="id"/>
            <AD_Column_UU>ecb8b875-f2d5-4549-a53a-53dd7984d564</AD_Column_UU>
            <IsAllowCopy>Y</IsAllowCopy>
            <SeqNoSelection>0</SeqNoSelection>
            <IsToolbarButton>N</IsToolbarButton>
            <IsSecure>N</IsSecure>
            <FKConstraintName/>
            <FKConstraintType>N</FKConstraintType>
            <PA_DashboardContent_ID reference="id"/>
            <Placeholder/>
            <IsHtml>N</IsHtml>
            <AD_Val_Rule_Lookup_ID reference="id"/>
        </AD_Column>
    </AD_Menu>
    <SQLStatement type="custom">
        <DBType>ALL</DBType>
        <statement>
            <![CDATA[CREATE OR REPLACE VIEW bh_c_order_payment_v AS
 WITH orderpayment AS (
         SELECT ordr.c_order_id,
            invc.c_invoice_id,
            pmt_1.c_payment_id
           FROM c_order ordr
             JOIN c_invoice invc ON ordr.c_order_id = invc.c_order_id
             JOIN c_payment pmt_1 ON pmt_1.c_invoice_id = invc.c_invoice_id
        UNION
         SELECT ordr.c_order_id,
            NULL::numeric AS c_invoice_id,
            pmt_1.c_payment_id
           FROM c_order ordr
             JOIN c_payment pmt_1 ON pmt_1.bh_c_order_id = ordr.c_order_id
          WHERE pmt_1.c_invoice_id IS NULL
        )
 SELECT opmt.c_order_id,
    opmt.c_invoice_id,
    opmt.c_payment_id
   FROM orderpayment opmt
     JOIN c_payment pmt ON opmt.c_payment_id = pmt.c_payment_id
     LEFT JOIN c_payment reverse ON pmt.c_payment_id = reverse.reversal_id
  WHERE pmt.reversal_id IS NULL AND pmt.docstatus <> 'RE'::bpchar AND reverse.c_payment_id IS NULL;]]>
        </statement>
    </SQLStatement>
    <SQLStatement type="custom">
        <DBType>ALL</DBType>
        <statement>
            <![CDATA[CREATE OR REPLACE VIEW bh_c_order_v AS
 WITH ordergrandtotals AS (
         SELECT c_orderline.c_order_id,
            COALESCE(sum(c_orderline.linenetamt), 0::numeric) AS grandtotal
           FROM c_orderline
          GROUP BY c_orderline.c_order_id
        ), orderinvoicetotals AS (
         SELECT ogt_1.c_order_id,
            sum(pmt.payamt) AS paytotal
           FROM ordergrandtotals ogt_1
             LEFT JOIN bh_c_order_payment_v opmt ON opmt.c_order_id = ogt_1.c_order_id
             LEFT JOIN c_payment pmt ON opmt.c_payment_id = pmt.c_payment_id
          GROUP BY ogt_1.c_order_id
        )
 SELECT ogt.c_order_id,
    ordr.c_bpartner_id,
    ogt.grandtotal,
    COALESCE(oit.paytotal, 0::numeric) AS paytotal,
    ogt.grandtotal - COALESCE(oit.paytotal, 0::numeric) AS amtleft
   FROM ordergrandtotals ogt
     LEFT JOIN orderinvoicetotals oit ON ogt.c_order_id = oit.c_order_id
     LEFT JOIN c_order ordr ON ogt.c_order_id = ordr.c_order_id;]]>
        </statement>
    </SQLStatement>
    <AD_Package_Exp type="table">
        <AD_Client_ID>0</AD_Client_ID>
        <AD_Org_ID>0</AD_Org_ID>
        <AD_Package_Type>X</AD_Package_Type>
        <EMail/>
        <Instructions/>
        <Name>BH_PatientBilling</Name>
        <Processed>N</Processed>
        <ReleaseNo/>
        <Version/>
        <UserName/>
        <Processing>N</Processing>
        <PK_Version>10.0.24</PK_Version>
        <IsActive>Y</IsActive>
        <File_Directory/>
        <Description>Use: Manage the billing process for patients

Commit Change(s):
 + 10.0.24 - Adding visit date and referred from/to fields
 + Add BH_Process_stage field</Description>
        <AD_Org_ID reference="id">0</AD_Org_ID>
        <AD_Package_Exp_UU>5cd83e79-cba3-434b-932e-47beda59186b</AD_Package_Exp_UU>
        <DateFrom>2021-03-08 00:00:00.0</DateFrom>
        <IsExportDictionaryEntity>Y</IsExportDictionaryEntity>
    </AD_Package_Exp>
</idempiere>
