<?xml version="1.0" encoding="UTF-8"?><?xml-stylesheet type="text/css" href="idempiereDocument.css"?><idempiereDocument>
    <header>BH_TermsOfService Package Description</header>
    <H1>Package Name:</H1>
    <packagename>BH_TermsOfService</packagename>
    <H1>Author:</H1>
    <Name:/>
    <H1>Email Address:</H1>
    <Email/>
    <H1>Created:</H1>
    <Date>2018-11-01 02:24:39.415</Date>
    <H1>Updated:</H1>
    <Date>2019-01-31 05:22:37.793</Date>
    <H1>Description:</H1>
    <description>Add BH_TOS_DATE_ACCEPTED column</description>
    <H1>Instructions:</H1>
    <instructions/>
    <H1>Files in Package:</H1>
    <file>File: PackOut.xml</file>
    <filedirectory>Directory: \dict\</filedirectory>
    <filenotes>Notes: Contains all application/object settings for package</filenotes>
    <H1>Client:</H1>
    <Client>0-SYSTEM-System</Client>
</idempiereDocument>
