<?xml version="1.0" encoding="UTF-8"?><idempiere Name="BH_SysConfiguration" Version="10.0.0.2" idempiereVersion="" DataBaseVersion="" Description="General configuration: default country, language settings, roles, custom messages&#10;&#10;go-513 Added select sql for error message -&gt; no line items " Author="" AuthorEmail="" CreatedDate="2019-03-19 07:53:04.424" UpdatedDate="2019-05-15 16:27:51.277" PackOutVersion="100" UpdateDictionary="false" Client="0-SYSTEM-System" AD_Client_UU="11237b53-9592-4af1-b3c5-afd216514b5d">
    <AD_Language type="table">
        <AD_Client_ID>0</AD_Client_ID>
        <AD_Org_ID>0</AD_Org_ID>
        <AD_Language>en_KE</AD_Language>
        <Name>English (Kenya)</Name>
        <IsBaseLanguage>Y</IsBaseLanguage>
        <IsActive>Y</IsActive>
        <IsSystemLanguage>N</IsSystemLanguage>
        <LanguageISO>en</LanguageISO>
        <CountryCode>KE</CountryCode>
        <Processing>N</Processing>
        <AD_Language_ID>50017</AD_Language_ID>
        <IsDecimalPoint>N</IsDecimalPoint>
        <DatePattern/>
        <TimePattern/>
        <AD_Language_UU>7db0c563-2efa-4605-9cd9-809674653388</AD_Language_UU>
        <IsLoginLocale>N</IsLoginLocale>
        <AD_PrintPaper_ID reference="id">101</AD_PrintPaper_ID>
        <PrintName>Kenyan English </PrintName>
    </AD_Language>
    <SQLStatement type="custom">
        <DBType>ALL</DBType>
        <statement><![CDATA[UPDATE C_Country SET AD_Language='en_KE' WHERE C_Country.C_Country_UU='fd5a1072-51bb-4ffa-9a45-9c6da1a2df26';]]></statement>
    </SQLStatement>
    <SQLStatement type="custom">
        <DBType>ALL</DBType>
        <statement><![CDATA[UPDATE  AD_Allclients_V SET AD_Language='en_KE' WHERE AD_Allclients_V_ID <> 0;]]></statement>
    </SQLStatement>
    <AD_Role type="table">
        <AD_Client_ID>0</AD_Client_ID>
        <AD_Org_ID>0</AD_Org_ID>
        <Name>manageSuppliers</Name>
        <Description/>
        <UserLevel>S  </UserLevel>
        <IsActive>Y</IsActive>
        <C_Currency_ID reference="id"/>
        <AmtApproval>0</AmtApproval>
        <AD_Tree_Menu_ID reference="id"/>
        <IsManual>Y</IsManual>
        <IsPersonalAccess>N</IsPersonalAccess>
        <IsShowAcct>N</IsShowAcct>
        <IsPersonalLock>N</IsPersonalLock>
        <IsCanReport>Y</IsCanReport>
        <IsCanExport>Y</IsCanExport>
        <Supervisor_ID reference="id"/>
        <IsCanApproveOwnDoc>N</IsCanApproveOwnDoc>
        <IsAccessAllOrgs>N</IsAccessAllOrgs>
        <IsChangeLog>N</IsChangeLog>
        <PreferenceType>O</PreferenceType>
        <OverwritePriceLimit>N</OverwritePriceLimit>
        <AD_Tree_Org_ID reference="id"/>
        <IsUseUserOrgAccess>N</IsUseUserOrgAccess>
        <ConfirmQueryRecords>0</ConfirmQueryRecords>
        <MaxQueryRecords>0</MaxQueryRecords>
        <Allow_Info_Account>Y</Allow_Info_Account>
        <Allow_Info_Asset>Y</Allow_Info_Asset>
        <Allow_Info_BPartner>Y</Allow_Info_BPartner>
        <Allow_Info_InOut>Y</Allow_Info_InOut>
        <Allow_Info_Invoice>Y</Allow_Info_Invoice>
        <Allow_Info_Order>Y</Allow_Info_Order>
        <Allow_Info_Payment>Y</Allow_Info_Payment>
        <Allow_Info_Product>Y</Allow_Info_Product>
        <Allow_Info_Resource>Y</Allow_Info_Resource>
        <Allow_Info_Schedule>Y</Allow_Info_Schedule>
        <UserDiscount/>
        <IsDiscountUptoLimitPrice>N</IsDiscountUptoLimitPrice>
        <IsDiscountAllowedOnTotal>N</IsDiscountAllowedOnTotal>
        <AmtApprovalAccum>0</AmtApprovalAccum>
        <DaysApprovalAccum>0</DaysApprovalAccum>
        <AD_Role_UU>25803a32-914b-4e6d-9a69-46b369ad672a</AD_Role_UU>
        <IsMenuAutoExpand>N</IsMenuAutoExpand>
        <IsMasterRole>Y</IsMasterRole>
        <IsAccessAdvanced>Y</IsAccessAdvanced>
    </AD_Role>
    <AD_Role type="table">
        <AD_Client_ID>0</AD_Client_ID>
        <AD_Org_ID>0</AD_Org_ID>
        <Name>manageProducts</Name>
        <Description/>
        <UserLevel>S  </UserLevel>
        <IsActive>Y</IsActive>
        <C_Currency_ID reference="id"/>
        <AmtApproval>0</AmtApproval>
        <AD_Tree_Menu_ID reference="id"/>
        <IsManual>Y</IsManual>
        <IsPersonalAccess>N</IsPersonalAccess>
        <IsShowAcct>N</IsShowAcct>
        <IsPersonalLock>N</IsPersonalLock>
        <IsCanReport>Y</IsCanReport>
        <IsCanExport>Y</IsCanExport>
        <Supervisor_ID reference="id"/>
        <IsCanApproveOwnDoc>N</IsCanApproveOwnDoc>
        <IsAccessAllOrgs>N</IsAccessAllOrgs>
        <IsChangeLog>N</IsChangeLog>
        <PreferenceType>O</PreferenceType>
        <OverwritePriceLimit>N</OverwritePriceLimit>
        <AD_Tree_Org_ID reference="id"/>
        <IsUseUserOrgAccess>N</IsUseUserOrgAccess>
        <ConfirmQueryRecords>0</ConfirmQueryRecords>
        <MaxQueryRecords>0</MaxQueryRecords>
        <Allow_Info_Account>Y</Allow_Info_Account>
        <Allow_Info_Asset>Y</Allow_Info_Asset>
        <Allow_Info_BPartner>Y</Allow_Info_BPartner>
        <Allow_Info_InOut>Y</Allow_Info_InOut>
        <Allow_Info_Invoice>Y</Allow_Info_Invoice>
        <Allow_Info_Order>Y</Allow_Info_Order>
        <Allow_Info_Payment>Y</Allow_Info_Payment>
        <Allow_Info_Product>Y</Allow_Info_Product>
        <Allow_Info_Resource>Y</Allow_Info_Resource>
        <Allow_Info_Schedule>Y</Allow_Info_Schedule>
        <UserDiscount/>
        <IsDiscountUptoLimitPrice>N</IsDiscountUptoLimitPrice>
        <IsDiscountAllowedOnTotal>N</IsDiscountAllowedOnTotal>
        <AmtApprovalAccum>0</AmtApprovalAccum>
        <DaysApprovalAccum>0</DaysApprovalAccum>
        <AD_Role_UU>2b30c5ae-d1a8-426b-bb68-e3b56e69cd56</AD_Role_UU>
        <IsMenuAutoExpand>N</IsMenuAutoExpand>
        <IsMasterRole>Y</IsMasterRole>
        <IsAccessAdvanced>Y</IsAccessAdvanced>
    </AD_Role>
    <AD_Role type="table">
        <AD_Client_ID>0</AD_Client_ID>
        <AD_Org_ID>0</AD_Org_ID>
        <Name>managePatients</Name>
        <Description/>
        <UserLevel>S  </UserLevel>
        <IsActive>Y</IsActive>
        <C_Currency_ID reference="id"/>
        <AmtApproval>0</AmtApproval>
        <AD_Tree_Menu_ID reference="id"/>
        <IsManual>Y</IsManual>
        <IsPersonalAccess>N</IsPersonalAccess>
        <IsShowAcct>N</IsShowAcct>
        <IsPersonalLock>N</IsPersonalLock>
        <IsCanReport>Y</IsCanReport>
        <IsCanExport>Y</IsCanExport>
        <Supervisor_ID reference="id"/>
        <IsCanApproveOwnDoc>N</IsCanApproveOwnDoc>
        <IsAccessAllOrgs>N</IsAccessAllOrgs>
        <IsChangeLog>N</IsChangeLog>
        <PreferenceType>O</PreferenceType>
        <OverwritePriceLimit>N</OverwritePriceLimit>
        <AD_Tree_Org_ID reference="id"/>
        <IsUseUserOrgAccess>N</IsUseUserOrgAccess>
        <ConfirmQueryRecords>0</ConfirmQueryRecords>
        <MaxQueryRecords>0</MaxQueryRecords>
        <Allow_Info_Account>Y</Allow_Info_Account>
        <Allow_Info_Asset>Y</Allow_Info_Asset>
        <Allow_Info_BPartner>Y</Allow_Info_BPartner>
        <Allow_Info_InOut>Y</Allow_Info_InOut>
        <Allow_Info_Invoice>Y</Allow_Info_Invoice>
        <Allow_Info_Order>Y</Allow_Info_Order>
        <Allow_Info_Payment>Y</Allow_Info_Payment>
        <Allow_Info_Product>Y</Allow_Info_Product>
        <Allow_Info_Resource>Y</Allow_Info_Resource>
        <Allow_Info_Schedule>Y</Allow_Info_Schedule>
        <UserDiscount/>
        <IsDiscountUptoLimitPrice>N</IsDiscountUptoLimitPrice>
        <IsDiscountAllowedOnTotal>N</IsDiscountAllowedOnTotal>
        <AmtApprovalAccum>0</AmtApprovalAccum>
        <DaysApprovalAccum>0</DaysApprovalAccum>
        <AD_Role_UU>e0a36cce-cf9f-456b-a431-71bc41285983</AD_Role_UU>
        <IsMenuAutoExpand>N</IsMenuAutoExpand>
        <IsMasterRole>Y</IsMasterRole>
        <IsAccessAdvanced>Y</IsAccessAdvanced>
    </AD_Role>
    <AD_Role type="table">
        <AD_Client_ID>0</AD_Client_ID>
        <AD_Org_ID>0</AD_Org_ID>
        <Name>manageServices</Name>
        <Description/>
        <UserLevel>S  </UserLevel>
        <IsActive>Y</IsActive>
        <C_Currency_ID reference="id"/>
        <AmtApproval>0</AmtApproval>
        <AD_Tree_Menu_ID reference="id"/>
        <IsManual>Y</IsManual>
        <IsPersonalAccess>N</IsPersonalAccess>
        <IsShowAcct>N</IsShowAcct>
        <IsPersonalLock>N</IsPersonalLock>
        <IsCanReport>Y</IsCanReport>
        <IsCanExport>Y</IsCanExport>
        <Supervisor_ID reference="id"/>
        <IsCanApproveOwnDoc>N</IsCanApproveOwnDoc>
        <IsAccessAllOrgs>N</IsAccessAllOrgs>
        <IsChangeLog>N</IsChangeLog>
        <PreferenceType>O</PreferenceType>
        <OverwritePriceLimit>N</OverwritePriceLimit>
        <AD_Tree_Org_ID reference="id"/>
        <IsUseUserOrgAccess>N</IsUseUserOrgAccess>
        <ConfirmQueryRecords>0</ConfirmQueryRecords>
        <MaxQueryRecords>0</MaxQueryRecords>
        <Allow_Info_Account>Y</Allow_Info_Account>
        <Allow_Info_Asset>Y</Allow_Info_Asset>
        <Allow_Info_BPartner>Y</Allow_Info_BPartner>
        <Allow_Info_InOut>Y</Allow_Info_InOut>
        <Allow_Info_Invoice>Y</Allow_Info_Invoice>
        <Allow_Info_Order>Y</Allow_Info_Order>
        <Allow_Info_Payment>Y</Allow_Info_Payment>
        <Allow_Info_Product>Y</Allow_Info_Product>
        <Allow_Info_Resource>Y</Allow_Info_Resource>
        <Allow_Info_Schedule>Y</Allow_Info_Schedule>
        <UserDiscount/>
        <IsDiscountUptoLimitPrice>N</IsDiscountUptoLimitPrice>
        <IsDiscountAllowedOnTotal>N</IsDiscountAllowedOnTotal>
        <AmtApprovalAccum>0</AmtApprovalAccum>
        <DaysApprovalAccum>0</DaysApprovalAccum>
        <AD_Role_UU>df33be5f-37c8-4fff-a2f7-bd7ddd6aa453</AD_Role_UU>
        <IsMenuAutoExpand>N</IsMenuAutoExpand>
        <IsMasterRole>Y</IsMasterRole>
        <IsAccessAdvanced>Y</IsAccessAdvanced>
    </AD_Role>
    <AD_Role type="table">
        <AD_Client_ID>0</AD_Client_ID>
        <AD_Org_ID>0</AD_Org_ID>
        <Name>manageExpenses</Name>
        <Description/>
        <UserLevel>S  </UserLevel>
        <IsActive>Y</IsActive>
        <C_Currency_ID reference="id"/>
        <AmtApproval>0</AmtApproval>
        <AD_Tree_Menu_ID reference="id"/>
        <IsManual>Y</IsManual>
        <IsPersonalAccess>N</IsPersonalAccess>
        <IsShowAcct>N</IsShowAcct>
        <IsPersonalLock>N</IsPersonalLock>
        <IsCanReport>Y</IsCanReport>
        <IsCanExport>Y</IsCanExport>
        <Supervisor_ID reference="id"/>
        <IsCanApproveOwnDoc>N</IsCanApproveOwnDoc>
        <IsAccessAllOrgs>N</IsAccessAllOrgs>
        <IsChangeLog>N</IsChangeLog>
        <PreferenceType>O</PreferenceType>
        <OverwritePriceLimit>N</OverwritePriceLimit>
        <AD_Tree_Org_ID reference="id"/>
        <IsUseUserOrgAccess>N</IsUseUserOrgAccess>
        <ConfirmQueryRecords>0</ConfirmQueryRecords>
        <MaxQueryRecords>0</MaxQueryRecords>
        <Allow_Info_Account>Y</Allow_Info_Account>
        <Allow_Info_Asset>Y</Allow_Info_Asset>
        <Allow_Info_BPartner>Y</Allow_Info_BPartner>
        <Allow_Info_InOut>Y</Allow_Info_InOut>
        <Allow_Info_Invoice>Y</Allow_Info_Invoice>
        <Allow_Info_Order>Y</Allow_Info_Order>
        <Allow_Info_Payment>Y</Allow_Info_Payment>
        <Allow_Info_Product>Y</Allow_Info_Product>
        <Allow_Info_Resource>Y</Allow_Info_Resource>
        <Allow_Info_Schedule>Y</Allow_Info_Schedule>
        <UserDiscount/>
        <IsDiscountUptoLimitPrice>N</IsDiscountUptoLimitPrice>
        <IsDiscountAllowedOnTotal>N</IsDiscountAllowedOnTotal>
        <AmtApprovalAccum>0</AmtApprovalAccum>
        <DaysApprovalAccum>0</DaysApprovalAccum>
        <AD_Role_UU>2abc387b-7602-416b-8834-5706f677a927</AD_Role_UU>
        <IsMenuAutoExpand>N</IsMenuAutoExpand>
        <IsMasterRole>Y</IsMasterRole>
        <IsAccessAdvanced>Y</IsAccessAdvanced>
    </AD_Role>
    <AD_Role type="table">
        <AD_Client_ID>0</AD_Client_ID>
        <AD_Org_ID>0</AD_Org_ID>
        <Name>managePatientBills</Name>
        <Description/>
        <UserLevel>S  </UserLevel>
        <IsActive>Y</IsActive>
        <C_Currency_ID reference="id"/>
        <AmtApproval>0</AmtApproval>
        <AD_Tree_Menu_ID reference="id"/>
        <IsManual>Y</IsManual>
        <IsPersonalAccess>N</IsPersonalAccess>
        <IsShowAcct>N</IsShowAcct>
        <IsPersonalLock>N</IsPersonalLock>
        <IsCanReport>Y</IsCanReport>
        <IsCanExport>Y</IsCanExport>
        <Supervisor_ID reference="id"/>
        <IsCanApproveOwnDoc>N</IsCanApproveOwnDoc>
        <IsAccessAllOrgs>N</IsAccessAllOrgs>
        <IsChangeLog>N</IsChangeLog>
        <PreferenceType>O</PreferenceType>
        <OverwritePriceLimit>N</OverwritePriceLimit>
        <AD_Tree_Org_ID reference="id"/>
        <IsUseUserOrgAccess>N</IsUseUserOrgAccess>
        <ConfirmQueryRecords>0</ConfirmQueryRecords>
        <MaxQueryRecords>0</MaxQueryRecords>
        <Allow_Info_Account>Y</Allow_Info_Account>
        <Allow_Info_Asset>Y</Allow_Info_Asset>
        <Allow_Info_BPartner>Y</Allow_Info_BPartner>
        <Allow_Info_InOut>Y</Allow_Info_InOut>
        <Allow_Info_Invoice>Y</Allow_Info_Invoice>
        <Allow_Info_Order>Y</Allow_Info_Order>
        <Allow_Info_Payment>Y</Allow_Info_Payment>
        <Allow_Info_Product>Y</Allow_Info_Product>
        <Allow_Info_Resource>Y</Allow_Info_Resource>
        <Allow_Info_Schedule>Y</Allow_Info_Schedule>
        <UserDiscount/>
        <IsDiscountUptoLimitPrice>N</IsDiscountUptoLimitPrice>
        <IsDiscountAllowedOnTotal>N</IsDiscountAllowedOnTotal>
        <AmtApprovalAccum>0</AmtApprovalAccum>
        <DaysApprovalAccum>0</DaysApprovalAccum>
        <AD_Role_UU>6c608685-6874-47e1-9c55-06a62f67f340</AD_Role_UU>
        <IsMenuAutoExpand>N</IsMenuAutoExpand>
        <IsMasterRole>Y</IsMasterRole>
        <IsAccessAdvanced>Y</IsAccessAdvanced>
    </AD_Role>
    <AD_Role type="table">
        <AD_Client_ID>0</AD_Client_ID>
        <AD_Org_ID>0</AD_Org_ID>
        <Name>manageBalances</Name>
        <Description/>
        <UserLevel>S  </UserLevel>
        <IsActive>Y</IsActive>
        <C_Currency_ID reference="id"/>
        <AmtApproval>0</AmtApproval>
        <AD_Tree_Menu_ID reference="id"/>
        <IsManual>Y</IsManual>
        <IsPersonalAccess>N</IsPersonalAccess>
        <IsShowAcct>N</IsShowAcct>
        <IsPersonalLock>N</IsPersonalLock>
        <IsCanReport>Y</IsCanReport>
        <IsCanExport>Y</IsCanExport>
        <Supervisor_ID reference="id"/>
        <IsCanApproveOwnDoc>N</IsCanApproveOwnDoc>
        <IsAccessAllOrgs>N</IsAccessAllOrgs>
        <IsChangeLog>N</IsChangeLog>
        <PreferenceType>O</PreferenceType>
        <OverwritePriceLimit>N</OverwritePriceLimit>
        <AD_Tree_Org_ID reference="id"/>
        <IsUseUserOrgAccess>N</IsUseUserOrgAccess>
        <ConfirmQueryRecords>0</ConfirmQueryRecords>
        <MaxQueryRecords>0</MaxQueryRecords>
        <Allow_Info_Account>Y</Allow_Info_Account>
        <Allow_Info_Asset>Y</Allow_Info_Asset>
        <Allow_Info_BPartner>Y</Allow_Info_BPartner>
        <Allow_Info_InOut>Y</Allow_Info_InOut>
        <Allow_Info_Invoice>Y</Allow_Info_Invoice>
        <Allow_Info_Order>Y</Allow_Info_Order>
        <Allow_Info_Payment>Y</Allow_Info_Payment>
        <Allow_Info_Product>Y</Allow_Info_Product>
        <Allow_Info_Resource>Y</Allow_Info_Resource>
        <Allow_Info_Schedule>Y</Allow_Info_Schedule>
        <UserDiscount/>
        <IsDiscountUptoLimitPrice>N</IsDiscountUptoLimitPrice>
        <IsDiscountAllowedOnTotal>N</IsDiscountAllowedOnTotal>
        <AmtApprovalAccum>0</AmtApprovalAccum>
        <DaysApprovalAccum>0</DaysApprovalAccum>
        <AD_Role_UU>c5e312b6-b36b-4a89-92c7-653d6238f2b4</AD_Role_UU>
        <IsMenuAutoExpand>N</IsMenuAutoExpand>
        <IsMasterRole>Y</IsMasterRole>
        <IsAccessAdvanced>Y</IsAccessAdvanced>
    </AD_Role>
    <AD_Role type="table">
        <AD_Client_ID>0</AD_Client_ID>
        <AD_Org_ID>0</AD_Org_ID>
        <Name>manageExpenseTracking</Name>
        <Description/>
        <UserLevel>S  </UserLevel>
        <IsActive>Y</IsActive>
        <C_Currency_ID reference="id"/>
        <AmtApproval>0</AmtApproval>
        <AD_Tree_Menu_ID reference="id"/>
        <IsManual>Y</IsManual>
        <IsPersonalAccess>N</IsPersonalAccess>
        <IsShowAcct>N</IsShowAcct>
        <IsPersonalLock>N</IsPersonalLock>
        <IsCanReport>Y</IsCanReport>
        <IsCanExport>Y</IsCanExport>
        <Supervisor_ID reference="id"/>
        <IsCanApproveOwnDoc>N</IsCanApproveOwnDoc>
        <IsAccessAllOrgs>N</IsAccessAllOrgs>
        <IsChangeLog>N</IsChangeLog>
        <PreferenceType>O</PreferenceType>
        <OverwritePriceLimit>N</OverwritePriceLimit>
        <AD_Tree_Org_ID reference="id"/>
        <IsUseUserOrgAccess>N</IsUseUserOrgAccess>
        <ConfirmQueryRecords>0</ConfirmQueryRecords>
        <MaxQueryRecords>0</MaxQueryRecords>
        <Allow_Info_Account>Y</Allow_Info_Account>
        <Allow_Info_Asset>Y</Allow_Info_Asset>
        <Allow_Info_BPartner>Y</Allow_Info_BPartner>
        <Allow_Info_InOut>Y</Allow_Info_InOut>
        <Allow_Info_Invoice>Y</Allow_Info_Invoice>
        <Allow_Info_Order>Y</Allow_Info_Order>
        <Allow_Info_Payment>Y</Allow_Info_Payment>
        <Allow_Info_Product>Y</Allow_Info_Product>
        <Allow_Info_Resource>Y</Allow_Info_Resource>
        <Allow_Info_Schedule>Y</Allow_Info_Schedule>
        <UserDiscount/>
        <IsDiscountUptoLimitPrice>N</IsDiscountUptoLimitPrice>
        <IsDiscountAllowedOnTotal>N</IsDiscountAllowedOnTotal>
        <AmtApprovalAccum>0</AmtApprovalAccum>
        <DaysApprovalAccum>0</DaysApprovalAccum>
        <AD_Role_UU>f06c27e5-a4b9-4803-8b04-ebbe494d6fa1</AD_Role_UU>
        <IsMenuAutoExpand>N</IsMenuAutoExpand>
        <IsMasterRole>Y</IsMasterRole>
        <IsAccessAdvanced>Y</IsAccessAdvanced>
    </AD_Role>
    <AD_Role type="table">
        <AD_Client_ID>0</AD_Client_ID>
        <AD_Org_ID>0</AD_Org_ID>
        <Name>manageReceiveProducts</Name>
        <Description/>
        <UserLevel>S  </UserLevel>
        <IsActive>Y</IsActive>
        <C_Currency_ID reference="id"/>
        <AmtApproval>0</AmtApproval>
        <AD_Tree_Menu_ID reference="id"/>
        <IsManual>Y</IsManual>
        <IsPersonalAccess>N</IsPersonalAccess>
        <IsShowAcct>N</IsShowAcct>
        <IsPersonalLock>N</IsPersonalLock>
        <IsCanReport>Y</IsCanReport>
        <IsCanExport>Y</IsCanExport>
        <Supervisor_ID reference="id"/>
        <IsCanApproveOwnDoc>N</IsCanApproveOwnDoc>
        <IsAccessAllOrgs>N</IsAccessAllOrgs>
        <IsChangeLog>N</IsChangeLog>
        <PreferenceType>O</PreferenceType>
        <OverwritePriceLimit>N</OverwritePriceLimit>
        <AD_Tree_Org_ID reference="id"/>
        <IsUseUserOrgAccess>N</IsUseUserOrgAccess>
        <ConfirmQueryRecords>0</ConfirmQueryRecords>
        <MaxQueryRecords>0</MaxQueryRecords>
        <Allow_Info_Account>Y</Allow_Info_Account>
        <Allow_Info_Asset>Y</Allow_Info_Asset>
        <Allow_Info_BPartner>Y</Allow_Info_BPartner>
        <Allow_Info_InOut>Y</Allow_Info_InOut>
        <Allow_Info_Invoice>Y</Allow_Info_Invoice>
        <Allow_Info_Order>Y</Allow_Info_Order>
        <Allow_Info_Payment>Y</Allow_Info_Payment>
        <Allow_Info_Product>Y</Allow_Info_Product>
        <Allow_Info_Resource>Y</Allow_Info_Resource>
        <Allow_Info_Schedule>Y</Allow_Info_Schedule>
        <UserDiscount/>
        <IsDiscountUptoLimitPrice>N</IsDiscountUptoLimitPrice>
        <IsDiscountAllowedOnTotal>N</IsDiscountAllowedOnTotal>
        <AmtApprovalAccum>0</AmtApprovalAccum>
        <DaysApprovalAccum>0</DaysApprovalAccum>
        <AD_Role_UU>dc551b49-c648-4a70-8385-9d25971e3891</AD_Role_UU>
        <IsMenuAutoExpand>N</IsMenuAutoExpand>
        <IsMasterRole>Y</IsMasterRole>
        <IsAccessAdvanced>Y</IsAccessAdvanced>
    </AD_Role>
    <AD_Role type="table">
        <AD_Client_ID>0</AD_Client_ID>
        <AD_Org_ID>0</AD_Org_ID>
        <Name>manageBalanceStockLevels</Name>
        <Description/>
        <UserLevel>S  </UserLevel>
        <IsActive>Y</IsActive>
        <C_Currency_ID reference="id"/>
        <AmtApproval>0</AmtApproval>
        <AD_Tree_Menu_ID reference="id"/>
        <IsManual>Y</IsManual>
        <IsPersonalAccess>N</IsPersonalAccess>
        <IsShowAcct>N</IsShowAcct>
        <IsPersonalLock>N</IsPersonalLock>
        <IsCanReport>Y</IsCanReport>
        <IsCanExport>Y</IsCanExport>
        <Supervisor_ID reference="id"/>
        <IsCanApproveOwnDoc>N</IsCanApproveOwnDoc>
        <IsAccessAllOrgs>N</IsAccessAllOrgs>
        <IsChangeLog>N</IsChangeLog>
        <PreferenceType>O</PreferenceType>
        <OverwritePriceLimit>N</OverwritePriceLimit>
        <AD_Tree_Org_ID reference="id"/>
        <IsUseUserOrgAccess>N</IsUseUserOrgAccess>
        <ConfirmQueryRecords>0</ConfirmQueryRecords>
        <MaxQueryRecords>0</MaxQueryRecords>
        <Allow_Info_Account>Y</Allow_Info_Account>
        <Allow_Info_Asset>Y</Allow_Info_Asset>
        <Allow_Info_BPartner>Y</Allow_Info_BPartner>
        <Allow_Info_InOut>Y</Allow_Info_InOut>
        <Allow_Info_Invoice>Y</Allow_Info_Invoice>
        <Allow_Info_Order>Y</Allow_Info_Order>
        <Allow_Info_Payment>Y</Allow_Info_Payment>
        <Allow_Info_Product>Y</Allow_Info_Product>
        <Allow_Info_Resource>Y</Allow_Info_Resource>
        <Allow_Info_Schedule>Y</Allow_Info_Schedule>
        <UserDiscount/>
        <IsDiscountUptoLimitPrice>N</IsDiscountUptoLimitPrice>
        <IsDiscountAllowedOnTotal>N</IsDiscountAllowedOnTotal>
        <AmtApprovalAccum>0</AmtApprovalAccum>
        <DaysApprovalAccum>0</DaysApprovalAccum>
        <AD_Role_UU>f1baf359-ee08-4865-8b66-a662d4941c02</AD_Role_UU>
        <IsMenuAutoExpand>N</IsMenuAutoExpand>
        <IsMasterRole>Y</IsMasterRole>
        <IsAccessAdvanced>Y</IsAccessAdvanced>
    </AD_Role>
    <AD_Role type="table">
        <AD_Client_ID>0</AD_Client_ID>
        <AD_Org_ID>0</AD_Org_ID>
        <Name>manageMetrics</Name>
        <Description/>
        <UserLevel>S  </UserLevel>
        <IsActive>Y</IsActive>
        <C_Currency_ID reference="id"/>
        <AmtApproval>0</AmtApproval>
        <AD_Tree_Menu_ID reference="id"/>
        <IsManual>Y</IsManual>
        <IsPersonalAccess>N</IsPersonalAccess>
        <IsShowAcct>N</IsShowAcct>
        <IsPersonalLock>N</IsPersonalLock>
        <IsCanReport>Y</IsCanReport>
        <IsCanExport>Y</IsCanExport>
        <Supervisor_ID reference="id"/>
        <IsCanApproveOwnDoc>N</IsCanApproveOwnDoc>
        <IsAccessAllOrgs>N</IsAccessAllOrgs>
        <IsChangeLog>N</IsChangeLog>
        <PreferenceType>O</PreferenceType>
        <OverwritePriceLimit>N</OverwritePriceLimit>
        <AD_Tree_Org_ID reference="id"/>
        <IsUseUserOrgAccess>N</IsUseUserOrgAccess>
        <ConfirmQueryRecords>0</ConfirmQueryRecords>
        <MaxQueryRecords>0</MaxQueryRecords>
        <Allow_Info_Account>Y</Allow_Info_Account>
        <Allow_Info_Asset>Y</Allow_Info_Asset>
        <Allow_Info_BPartner>Y</Allow_Info_BPartner>
        <Allow_Info_InOut>Y</Allow_Info_InOut>
        <Allow_Info_Invoice>Y</Allow_Info_Invoice>
        <Allow_Info_Order>Y</Allow_Info_Order>
        <Allow_Info_Payment>Y</Allow_Info_Payment>
        <Allow_Info_Product>Y</Allow_Info_Product>
        <Allow_Info_Resource>Y</Allow_Info_Resource>
        <Allow_Info_Schedule>Y</Allow_Info_Schedule>
        <UserDiscount/>
        <IsDiscountUptoLimitPrice>N</IsDiscountUptoLimitPrice>
        <IsDiscountAllowedOnTotal>N</IsDiscountAllowedOnTotal>
        <AmtApprovalAccum>0</AmtApprovalAccum>
        <DaysApprovalAccum>0</DaysApprovalAccum>
        <AD_Role_UU>916f3c6c-840f-491d-9bd7-8f11f34f6868</AD_Role_UU>
        <IsMenuAutoExpand>N</IsMenuAutoExpand>
        <IsMasterRole>Y</IsMasterRole>
        <IsAccessAdvanced>Y</IsAccessAdvanced>
    </AD_Role>
    <AD_Role type="table">
        <AD_Client_ID>0</AD_Client_ID>
        <AD_Org_ID>0</AD_Org_ID>
        <Name>allRoles</Name>
        <Description/>
        <UserLevel>S  </UserLevel>
        <IsActive>Y</IsActive>
        <C_Currency_ID reference="id"/>
        <AmtApproval>0</AmtApproval>
        <AD_Tree_Menu_ID reference="id"/>
        <IsManual>Y</IsManual>
        <IsPersonalAccess>N</IsPersonalAccess>
        <IsShowAcct>N</IsShowAcct>
        <IsPersonalLock>N</IsPersonalLock>
        <IsCanReport>Y</IsCanReport>
        <IsCanExport>Y</IsCanExport>
        <Supervisor_ID reference="id"/>
        <IsCanApproveOwnDoc>N</IsCanApproveOwnDoc>
        <IsAccessAllOrgs>N</IsAccessAllOrgs>
        <IsChangeLog>N</IsChangeLog>
        <PreferenceType>O</PreferenceType>
        <OverwritePriceLimit>N</OverwritePriceLimit>
        <AD_Tree_Org_ID reference="id"/>
        <IsUseUserOrgAccess>N</IsUseUserOrgAccess>
        <ConfirmQueryRecords>0</ConfirmQueryRecords>
        <MaxQueryRecords>0</MaxQueryRecords>
        <Allow_Info_Account>Y</Allow_Info_Account>
        <Allow_Info_Asset>Y</Allow_Info_Asset>
        <Allow_Info_BPartner>Y</Allow_Info_BPartner>
        <Allow_Info_InOut>Y</Allow_Info_InOut>
        <Allow_Info_Invoice>Y</Allow_Info_Invoice>
        <Allow_Info_Order>Y</Allow_Info_Order>
        <Allow_Info_Payment>Y</Allow_Info_Payment>
        <Allow_Info_Product>Y</Allow_Info_Product>
        <Allow_Info_Resource>Y</Allow_Info_Resource>
        <Allow_Info_Schedule>Y</Allow_Info_Schedule>
        <UserDiscount/>
        <IsDiscountUptoLimitPrice>N</IsDiscountUptoLimitPrice>
        <IsDiscountAllowedOnTotal>N</IsDiscountAllowedOnTotal>
        <AmtApprovalAccum>0</AmtApprovalAccum>
        <DaysApprovalAccum>0</DaysApprovalAccum>
        <AD_Role_UU>0520b255-2e55-41b7-b95c-4f6660e77625</AD_Role_UU>
        <IsMenuAutoExpand>N</IsMenuAutoExpand>
        <IsMasterRole>Y</IsMasterRole>
        <IsAccessAdvanced>Y</IsAccessAdvanced>
    </AD_Role>
    <AD_Package_Exp type="table">
        <AD_Client_ID>0</AD_Client_ID>
        <AD_Org_ID>0</AD_Org_ID>
        <AD_Package_Type>X</AD_Package_Type>
        <EMail/>
        <Instructions/>
        <Name>BH_SysConfiguration</Name>
        <Processed>N</Processed>
        <ReleaseNo/>
        <Version/>
        <UserName/>
        <Processing>N</Processing>
        <PK_Version>10.0.0.2</PK_Version>
        <IsActive>Y</IsActive>
        <File_Directory/>
        <Description>General configuration: default country, language settings, roles, custom messages

go-513 Added select sql for error message -&gt; no line items </Description>
        <AD_Package_Exp_UU>7c9243ca-adef-4e8a-ac30-6e38cb5bca05</AD_Package_Exp_UU>
        <DateFrom/>
        <IsExportDictionaryEntity>N</IsExportDictionaryEntity>
        <AD_Package_Exp_Detail type="table">
            <AD_Client_ID>0</AD_Client_ID>
            <AD_Org_ID>0</AD_Org_ID>
            <AD_Form_ID reference="id"/>
            <AD_ImpFormat_ID reference="id"/>
            <AD_Menu_ID reference="id"/>
            <AD_Process_ID reference="id"/>
            <AD_Role_ID reference="id">0</AD_Role_ID>
            <AD_Window_ID reference="id"/>
            <AD_Workflow_ID reference="id"/>
            <IsActive>Y</IsActive>
            <File_Directory/>
            <FileName/>
            <Destination_FileName/>
            <Destination_Directory/>
            <Description>Export language as English, Kenyan</Description>
            <DBType>ALL</DBType>
            <Type>D</Type>
            <Target_Directory/>
            <SQLStatement>SELECT * FROM AD_Language WHERE AD_Language_UU = '7db0c563-2efa-4605-9cd9-809674653388';</SQLStatement>
            <ReleaseNo/>
            <Processing>N</Processing>
            <Processed>N</Processed>
            <Name2/>
            <Line>10</Line>
            <AD_Workbench_ID reference="id"/>
            <AD_Table_ID reference="id">111</AD_Table_ID>
            <AD_ReportView_ID reference="id"/>
            <AD_Package_Exp_ID reference="uuid" reference-key="AD_Package_Exp">7c9243ca-adef-4e8a-ac30-6e38cb5bca05</AD_Package_Exp_ID>
            <AD_Package_Code_New/>
            <AD_Package_Code_Old/>
            <AD_Val_Rule_ID reference="id"/>
            <AD_Message_ID reference="id"/>
            <AD_PrintFormat_ID reference="id"/>
            <AD_Reference_ID reference="id"/>
            <AD_ModelValidator_ID reference="id"/>
            <AD_EntityType_ID reference="id"/>
            <AD_Package_Exp_Detail_UU>63cb752d-bcc3-483a-b960-3c5b6ecfe116</AD_Package_Exp_Detail_UU>
        </AD_Package_Exp_Detail>
        <AD_Package_Exp_Detail type="table">
            <AD_Client_ID>0</AD_Client_ID>
            <AD_Org_ID>0</AD_Org_ID>
            <AD_Form_ID reference="id"/>
            <AD_ImpFormat_ID reference="id"/>
            <AD_Menu_ID reference="id"/>
            <AD_Process_ID reference="id"/>
            <AD_Role_ID reference="id">0</AD_Role_ID>
            <AD_Window_ID reference="id"/>
            <AD_Workflow_ID reference="id"/>
            <IsActive>Y</IsActive>
            <File_Directory/>
            <FileName/>
            <Destination_FileName/>
            <Destination_Directory/>
            <Description>Update language for country Kenya to 'en_KE'</Description>
            <DBType>ALL</DBType>
            <Type>SQL</Type>
            <Target_Directory/>
            <SQLStatement>UPDATE C_Country SET AD_Language='en_KE' WHERE C_Country.C_Country_UU='fd5a1072-51bb-4ffa-9a45-9c6da1a2df26';</SQLStatement>
            <ReleaseNo/>
            <Processing>N</Processing>
            <Processed>N</Processed>
            <Name2/>
            <Line>20</Line>
            <AD_Workbench_ID reference="id"/>
            <AD_Table_ID reference="id"/>
            <AD_ReportView_ID reference="id"/>
            <AD_Package_Exp_ID reference="uuid" reference-key="AD_Package_Exp">7c9243ca-adef-4e8a-ac30-6e38cb5bca05</AD_Package_Exp_ID>
            <AD_Package_Code_New/>
            <AD_Package_Code_Old/>
            <AD_Val_Rule_ID reference="id"/>
            <AD_Message_ID reference="id"/>
            <AD_PrintFormat_ID reference="id"/>
            <AD_Reference_ID reference="id"/>
            <AD_ModelValidator_ID reference="id"/>
            <AD_EntityType_ID reference="id"/>
            <AD_Package_Exp_Detail_UU>3d34b414-a9dc-4ef4-b809-53b21a1b048f</AD_Package_Exp_Detail_UU>
        </AD_Package_Exp_Detail>
        <AD_Package_Exp_Detail type="table">
            <AD_Client_ID>0</AD_Client_ID>
            <AD_Org_ID>0</AD_Org_ID>
            <AD_Form_ID reference="id"/>
            <AD_ImpFormat_ID reference="id"/>
            <AD_Menu_ID reference="id"/>
            <AD_Process_ID reference="id"/>
            <AD_Role_ID reference="id">0</AD_Role_ID>
            <AD_Window_ID reference="id"/>
            <AD_Workflow_ID reference="id"/>
            <IsActive>Y</IsActive>
            <File_Directory/>
            <FileName/>
            <Destination_FileName/>
            <Destination_Directory/>
            <Description>Set all clients to use en_KE as language</Description>
            <DBType>ALL</DBType>
            <Type>SQL</Type>
            <Target_Directory/>
            <SQLStatement>UPDATE  AD_Allclients_V SET AD_Language='en_KE' WHERE AD_Allclients_V_ID &lt;&gt; 0;</SQLStatement>
            <ReleaseNo/>
            <Processing>N</Processing>
            <Processed>N</Processed>
            <Name2/>
            <Line>30</Line>
            <AD_Workbench_ID reference="id"/>
            <AD_Table_ID reference="id"/>
            <AD_ReportView_ID reference="id"/>
            <AD_Package_Exp_ID reference="uuid" reference-key="AD_Package_Exp">7c9243ca-adef-4e8a-ac30-6e38cb5bca05</AD_Package_Exp_ID>
            <AD_Package_Code_New/>
            <AD_Package_Code_Old/>
            <AD_Val_Rule_ID reference="id"/>
            <AD_Message_ID reference="id"/>
            <AD_PrintFormat_ID reference="id"/>
            <AD_Reference_ID reference="id"/>
            <AD_ModelValidator_ID reference="id"/>
            <AD_EntityType_ID reference="id"/>
            <AD_Package_Exp_Detail_UU>81b38b7f-551c-45fa-bf5e-abe7cf9fbd7b</AD_Package_Exp_Detail_UU>
        </AD_Package_Exp_Detail>
        <AD_Package_Exp_Detail type="table">
            <AD_Client_ID>0</AD_Client_ID>
            <AD_Org_ID>0</AD_Org_ID>
            <AD_Form_ID reference="id"/>
            <AD_ImpFormat_ID reference="id"/>
            <AD_Menu_ID reference="id"/>
            <AD_Process_ID reference="id"/>
            <AD_Role_ID reference="id">0</AD_Role_ID>
            <AD_Window_ID reference="id"/>
            <AD_Workflow_ID reference="id"/>
            <IsActive>Y</IsActive>
            <File_Directory/>
            <FileName/>
            <Destination_FileName/>
            <Destination_Directory/>
            <Description/>
            <DBType>ALL</DBType>
            <Type>D</Type>
            <Target_Directory/>
            <SQLStatement>SELECT * FROM AD_Role WHERE AD_Role.isMasterRole='Y';</SQLStatement>
            <ReleaseNo/>
            <Processing>N</Processing>
            <Processed>N</Processed>
            <Name2/>
            <Line>40</Line>
            <AD_Workbench_ID reference="id"/>
            <AD_Table_ID reference="id">156</AD_Table_ID>
            <AD_ReportView_ID reference="id"/>
            <AD_Package_Exp_ID reference="uuid" reference-key="AD_Package_Exp">7c9243ca-adef-4e8a-ac30-6e38cb5bca05</AD_Package_Exp_ID>
            <AD_Package_Code_New/>
            <AD_Package_Code_Old/>
            <AD_Val_Rule_ID reference="id"/>
            <AD_Message_ID reference="id"/>
            <AD_PrintFormat_ID reference="id"/>
            <AD_Reference_ID reference="id"/>
            <AD_ModelValidator_ID reference="id"/>
            <AD_EntityType_ID reference="id"/>
            <AD_Package_Exp_Detail_UU>f69edb0a-28e0-4233-824d-f4baceb7cfc5</AD_Package_Exp_Detail_UU>
        </AD_Package_Exp_Detail>
        <AD_Package_Exp_Detail type="table">
            <AD_Client_ID>0</AD_Client_ID>
            <AD_Org_ID>0</AD_Org_ID>
            <AD_Form_ID reference="id"/>
            <AD_ImpFormat_ID reference="id"/>
            <AD_Menu_ID reference="id"/>
            <AD_Process_ID reference="id"/>
            <AD_Role_ID reference="id">0</AD_Role_ID>
            <AD_Window_ID reference="id"/>
            <AD_Workflow_ID reference="id"/>
            <IsActive>Y</IsActive>
            <File_Directory/>
            <FileName/>
            <Destination_FileName/>
            <Destination_Directory/>
            <Description/>
            <DBType>ALL</DBType>
            <Type>D</Type>
            <Target_Directory/>
            <SQLStatement>SELECT * FROM AD_Package_Exp WHERE AD_Package_Exp_UU='7c9243ca-adef-4e8a-ac30-6e38cb5bca05';AD_Package_Exp_Detail </SQLStatement>
            <ReleaseNo/>
            <Processing>N</Processing>
            <Processed>N</Processed>
            <Name2/>
            <Line>50</Line>
            <AD_Workbench_ID reference="id"/>
            <AD_Table_ID reference="id">50005</AD_Table_ID>
            <AD_ReportView_ID reference="id"/>
            <AD_Package_Exp_ID reference="uuid" reference-key="AD_Package_Exp">7c9243ca-adef-4e8a-ac30-6e38cb5bca05</AD_Package_Exp_ID>
            <AD_Package_Code_New/>
            <AD_Package_Code_Old/>
            <AD_Val_Rule_ID reference="id"/>
            <AD_Message_ID reference="id"/>
            <AD_PrintFormat_ID reference="id"/>
            <AD_Reference_ID reference="id"/>
            <AD_ModelValidator_ID reference="id"/>
            <AD_EntityType_ID reference="id"/>
            <AD_Package_Exp_Detail_UU>a3ef1c30-f859-42d2-88d5-447c842c6a31</AD_Package_Exp_Detail_UU>
        </AD_Package_Exp_Detail>
        <AD_Package_Exp_Detail type="table">
            <AD_Client_ID>0</AD_Client_ID>
            <AD_Org_ID>0</AD_Org_ID>
            <AD_Form_ID reference="id"/>
            <AD_ImpFormat_ID reference="id"/>
            <AD_Menu_ID reference="id"/>
            <AD_Process_ID reference="id"/>
            <AD_Role_ID reference="id">0</AD_Role_ID>
            <AD_Window_ID reference="id"/>
            <AD_Workflow_ID reference="id"/>
            <IsActive>Y</IsActive>
            <File_Directory/>
            <FileName/>
            <Destination_FileName/>
            <Destination_Directory/>
            <Description>This is a custom text for the message tag TabSwitchJumpGo. Customises the Receive Products error message.  The entry can be found in the messages window.</Description>
            <DBType>ALL</DBType>
            <Type>D</Type>
            <Target_Directory/>
            <SQLStatement>SELECT * FROM AD_Message WHERE AD_Message_UU='8e75760a-6c6f-427e-837b-c164d011b1dd';</SQLStatement>
            <ReleaseNo/>
            <Processing>N</Processing>
            <Processed>N</Processed>
            <Name2/>
            <Line>60</Line>
            <AD_Workbench_ID reference="id"/>
            <AD_Table_ID reference="id">109</AD_Table_ID>
            <AD_ReportView_ID reference="id"/>
            <AD_Package_Exp_ID reference="uuid" reference-key="AD_Package_Exp">7c9243ca-adef-4e8a-ac30-6e38cb5bca05</AD_Package_Exp_ID>
            <AD_Package_Code_New/>
            <AD_Package_Code_Old/>
            <AD_Val_Rule_ID reference="id"/>
            <AD_Message_ID reference="id"/>
            <AD_PrintFormat_ID reference="id"/>
            <AD_Reference_ID reference="id"/>
            <AD_ModelValidator_ID reference="id"/>
            <AD_EntityType_ID reference="id"/>
            <AD_Package_Exp_Detail_UU>47429c57-3a89-4758-83a6-5a95b17a8b79</AD_Package_Exp_Detail_UU>
        </AD_Package_Exp_Detail>
        <AD_Package_Exp_Detail type="table">
            <AD_Client_ID>0</AD_Client_ID>
            <AD_Org_ID>0</AD_Org_ID>
            <AD_Form_ID reference="id"/>
            <AD_ImpFormat_ID reference="id"/>
            <AD_Menu_ID reference="id"/>
            <AD_Process_ID reference="id"/>
            <AD_Role_ID reference="id">0</AD_Role_ID>
            <AD_Window_ID reference="id"/>
            <AD_Workflow_ID reference="id"/>
            <IsActive>Y</IsActive>
            <File_Directory/>
            <FileName/>
            <Destination_FileName/>
            <Destination_Directory/>
            <Description>Get the user error message for bills with no product/service items added</Description>
            <DBType>ALL</DBType>
            <Type>D</Type>
            <Target_Directory/>
            <SQLStatement>SELECT * FROM AD_Message WHERE AD_Message_UU='03cb65e5-104c-4dd6-bec0-4bfe244ae804';</SQLStatement>
            <ReleaseNo/>
            <Processing>N</Processing>
            <Processed>N</Processed>
            <Name2/>
            <Line>70</Line>
            <AD_Workbench_ID reference="id"/>
            <AD_Table_ID reference="id">109</AD_Table_ID>
            <AD_ReportView_ID reference="id"/>
            <AD_Package_Exp_ID reference="uuid" reference-key="AD_Package_Exp">7c9243ca-adef-4e8a-ac30-6e38cb5bca05</AD_Package_Exp_ID>
            <AD_Package_Code_New/>
            <AD_Package_Code_Old/>
            <AD_Val_Rule_ID reference="id"/>
            <AD_Message_ID reference="id"/>
            <AD_PrintFormat_ID reference="id"/>
            <AD_Reference_ID reference="id"/>
            <AD_ModelValidator_ID reference="id"/>
            <AD_EntityType_ID reference="id"/>
            <AD_Package_Exp_Detail_UU>3eec9325-291d-4c1f-b023-c32c6f8d7b13</AD_Package_Exp_Detail_UU>
        </AD_Package_Exp_Detail>
    </AD_Package_Exp>
    <AD_Message type="table">
        <AD_Client_ID>0</AD_Client_ID>
        <AD_Org_ID>0</AD_Org_ID>
        <MsgType>E</MsgType>
        <MsgText>No products or services entered in the order</MsgText>
        <MsgTip>Please enter a product or service to the order</MsgTip>
        <IsActive>Y</IsActive>
        <Value>nolineitems</Value>
        <EntityType>U</EntityType>
        <AD_Message_UU>03cb65e5-104c-4dd6-bec0-4bfe244ae804</AD_Message_UU>
        <AD_Message_Trl type="translation">
            <MsgText>No products or services entered in the order</MsgText>
            <MsgTip>Please enter a product or service to the order</MsgTip>
            <AD_Language>zh_CN</AD_Language>
            <IsActive>Y</IsActive>
            <IsTranslated>N</IsTranslated>
        </AD_Message_Trl>
    </AD_Message>
</idempiere>
