<?xml version="1.0" encoding="UTF-8"?><?xml-stylesheet type="text/css" href="idempiereDocument.css"?><idempiereDocument>
    <header>BH_SysConfiguration Package Description</header>
    <H1>Package Name:</H1>
    <packagename>BH_SysConfiguration</packagename>
    <H1>Author:</H1>
    <Name:/>
    <H1>Email Address:</H1>
    <Email/>
    <H1>Created:</H1>
    <Date>2019-03-19 07:53:04.424</Date>
    <H1>Updated:</H1>
    <Date>2019-05-15 16:27:51.277</Date>
    <H1>Description:</H1>
    <description>General configuration: default country, language settings, roles, custom messages

go-513 Added select sql for error message -&gt; no line items </description>
    <H1>Instructions:</H1>
    <instructions/>
    <H1>Files in Package:</H1>
    <file>File: PackOut.xml</file>
    <filedirectory>Directory: \dict\</filedirectory>
    <filenotes>Notes: Contains all application/object settings for package</filenotes>
    <H1>Client:</H1>
    <Client>0-SYSTEM-System</Client>
</idempiereDocument>
