<?xml version="1.0" encoding="UTF-8"?><?xml-stylesheet type="text/css" href="idempiereDocument.css"?><idempiereDocument>
    <header>BH_BaseRoles Package Description</header>
    <H1>Package Name:</H1>
    <packagename>BH_BaseRoles</packagename>
    <H1>Author:</H1>
    <Name:/>
    <H1>Email Address:</H1>
    <Email/>
    <H1>Created:</H1>
    <Date>2019-02-22 18:09:18.375</Date>
    <H1>Updated:</H1>
    <Date>2019-10-14 08:20:43.008</Date>
    <H1>Description:</H1>
    <description>Definition of all base roles for BandaGo                                                                                                                                                                                                                                                                                                                                              + Added donor fund and stock discrepancy base role</description>
    <H1>Instructions:</H1>
    <instructions/>
    <H1>Files in Package:</H1>
    <file>File: PackOut.xml</file>
    <filedirectory>Directory: \dict\</filedirectory>
    <filenotes>Notes: Contains all application/object settings for package</filenotes>
    <H1>Client:</H1>
    <Client>0-SYSTEM-System</Client>
</idempiereDocument>
