<?xml version="1.0" encoding="UTF-8"?><?xml-stylesheet type="text/css" href="idempiereDocument.css"?><idempiereDocument>
    <header>Coded Diagnoses Package Description</header>
    <H1>Package Name:</H1>
    <packagename>Coded Diagnoses</packagename>
    <H1>Author:</H1>
    <Name:/>
    <H1>Email Address:</H1>
    <Email/>
    <H1>Created:</H1>
    <Date>2021-06-21 10:23:11.057</Date>
    <H1>Updated:</H1>
    <Date>2021-06-21 10:28:21.975</Date>
    <H1>Description:</H1>
    <description>Has the new coded diagnosis table and adds columns to c_order</description>
    <H1>Instructions:</H1>
    <instructions/>
    <H1>Files in Package:</H1>
    <file>File: PackOut.xml</file>
    <filedirectory>Directory: \dict\</filedirectory>
    <filenotes>Notes: Contains all application/object settings for package</filenotes>
    <H1>Client:</H1>
    <Client>0-SYSTEM-System</Client>
</idempiereDocument>
