<?xml version="1.0" encoding="UTF-8"?><?xml-stylesheet type="text/css" href="idempiereDocument.css"?><idempiereDocument>
    <header>Organization Extra Info Package Description</header>
    <H1>Package Name:</H1>
    <packagename>Organization Extra Info</packagename>
    <H1>Author:</H1>
    <Name:/>
    <H1>Email Address:</H1>
    <Email/>
    <H1>Created:</H1>
    <Date>2021-03-15 12:34:30.972</Date>
    <H1>Updated:</H1>
    <Date>2021-03-15 12:36:11.718</Date>
    <H1>Description:</H1>
    <description>1.0.0 &gt; Adds the extra info column to the org info table</description>
    <H1>Instructions:</H1>
    <instructions/>
    <H1>Files in Package:</H1>
    <file>File: PackOut.xml</file>
    <filedirectory>Directory: \dict\</filedirectory>
    <filenotes>Notes: Contains all application/object settings for package</filenotes>
    <H1>Client:</H1>
    <Client>0-SYSTEM-System</Client>
</idempiereDocument>
