<?xml version="1.0" encoding="UTF-8"?><idempiere Name="BH_Alerts" Version="1.0.0.1" idempiereVersion="" DataBaseVersion="" Description="Re-order level alerts! Remember to set up alert recipients and schedule time accordingly. " Author="" AuthorEmail="" CreatedDate="2018-08-23 09:06:56.558" UpdatedDate="2018-08-23 11:04:27.509" PackOutVersion="100" UpdateDictionary="false" Client="1000000-Banda Health-Banda Health" AD_Client_UU="4b5285e7-e4f2-4875-9f89-b598c16b2bef">
    <SQLStatement type="custom">
        <DBType>ALL</DBType>
        <statement><![CDATA[CREATE OR REPLACE VIEW bh_reorder_inventory_v AS WITH quantitysums AS (
         SELECT s_1.m_product_id,
            sum(s_1.qtyonhand) AS quantity,
            s_1.ad_client_id,
            s_1.ad_org_id,
            s_1.m_locator_id
           FROM m_storage s_1
          GROUP BY s_1.m_product_id, s_1.ad_client_id, s_1.ad_org_id, s_1.m_locator_id
        )
 SELECT s.ad_org_id,
    s.ad_client_id,
    w.name AS store,
    p.name AS product,
    s.quantity AS existingquantity,
    COALESCE(p.bh_reorder_level, 0::numeric) AS reorderlevel,
        CASE
            WHEN (s.quantity - COALESCE(p.bh_reorder_level, 0::numeric)) > 0::numeric THEN false
            ELSE true
        END AS reorder
   FROM quantitysums s
     JOIN m_locator l ON s.m_locator_id = l.m_locator_id
     JOIN m_product p ON s.m_product_id = p.m_product_id
     JOIN m_warehouse w ON l.m_warehouse_id = w.m_warehouse_id
  ORDER BY s.quantity;]]></statement>
    </SQLStatement>
    <AD_AlertProcessor type="table">
        <AD_Org_ID>0</AD_Org_ID>
        <Name>Re-order Inventory Processor</Name>
        <DateLastRun>2018-08-23 11:01:37.38</DateLastRun>
        <Description/>
        <IsActive>Y</IsActive>
        <DateNextRun>2018-08-23 11:11:37.38</DateNextRun>
        <Supervisor_ID reference="uuid" reference-key="AD_User">01e059c2-91be-408b-a274-21a87314a5ea</Supervisor_ID>
        <Processing>N</Processing>
        <KeepLogDays>7</KeepLogDays>
        <AD_AlertProcessor_UU>88d95bb2-f43c-4e57-a578-555cf4c6056c</AD_AlertProcessor_UU>
        <AD_Schedule_ID reference="id">200000</AD_Schedule_ID>
    </AD_AlertProcessor>
    <AD_Alert type="table">
        <AD_Org_ID>0</AD_Org_ID>
        <EnforceClientSecurity>Y</EnforceClientSecurity>
        <AlertMessage>See attached</AlertMessage>
        <IsActive>Y</IsActive>
        <EnforceRoleSecurity>Y</EnforceRoleSecurity>
        <Description/>
        <Help/>
        <AlertSubject>Re-order Inventory Alert</AlertSubject>
        <Name>Reorder Inventory Alert</Name>
        <AD_AlertProcessor_ID reference="uuid" reference-key="AD_AlertProcessor">88d95bb2-f43c-4e57-a578-555cf4c6056c</AD_AlertProcessor_ID>
        <IsValid>Y</IsValid>
        <AD_Alert_UU>2cfa2aee-6704-4baa-be03-47d54d39c2ac</AD_Alert_UU>
        <AD_AlertRule type="table">
            <AD_Org_ID>0</AD_Org_ID>
            <Name>Reorder levels</Name>
            <AD_Alert_ID reference="uuid" reference-key="AD_Alert">2cfa2aee-6704-4baa-be03-47d54d39c2ac</AD_Alert_ID>
            <FromClause>bh_reorder_inventory_v</FromClause>
            <WhereClause>reorder = TRUE</WhereClause>
            <SelectClause>Store, Product, ExistingQuantity, ReorderLevel, Reorder</SelectClause>
            <PreProcessing/>
            <PostProcessing/>
            <AD_Table_ID reference="id"/>
            <IsActive>Y</IsActive>
            <IsValid>Y</IsValid>
            <ErrorMsg/>
            <OtherClause/>
            <AD_AlertRule_UU>6a91d383-0b58-4b10-b28d-ed3d77030da2</AD_AlertRule_UU>
        </AD_AlertRule>
    </AD_Alert>
</idempiere>
