<?xml version="1.0" encoding="UTF-8"?><?xml-stylesheet type="text/css" href="idempiereDocument.css"?><idempiereDocument>
    <header>BH Services Package Description</header>
    <H1>Package Name:</H1>
    <packagename>BH Services</packagename>
    <H1>Author:</H1>
    <Name:/>
    <H1>Email Address:</H1>
    <Email/>
    <H1>Created:</H1>
    <Date>2018-06-12 11:30:55.568</Date>
    <H1>Updated:</H1>
    <Date>2019-08-19 08:16:36.847</Date>
    <H1>Description:</H1>
    <description>This package manages the services offered to patients.                                                                                                                                                                                                                                                                    + Remove unwanted fields (UoM, Back button) from window.</description>
    <H1>Instructions:</H1>
    <instructions/>
    <H1>Files in Package:</H1>
    <file>File: PackOut.xml</file>
    <filedirectory>Directory: \dict\</filedirectory>
    <filenotes>Notes: Contains all application/object settings for package</filenotes>
    <H1>Client:</H1>
    <Client>0-SYSTEM-System</Client>
</idempiereDocument>
