<?xml version="1.0" encoding="UTF-8"?><idempiere Name="202110281105_SYSTEM_TriageRole.zip" Version="1.0.0.0" idempiereVersion="" DataBaseVersion="" Description="" Author="" AuthorEmail="" CreatedDate="2021-10-28 11:22:33.929" UpdatedDate="2021-10-28 11:22:33.929" PackOutVersion="100" UpdateDictionary="false" Client="0-SYSTEM-System" AD_Client_UU="11237b53-9592-4af1-b3c5-afd216514b5d">
    <AD_Role type="table">
        <AD_Client_ID>0</AD_Client_ID>
        <AD_Org_ID>0</AD_Org_ID>
        <Name>Triage</Name>
        <Description>A master role for triage users</Description>
        <UserLevel>S  </UserLevel>
        <IsActive>Y</IsActive>
        <C_Currency_ID reference="id"/>
        <AmtApproval>0</AmtApproval>
        <AD_Tree_Menu_ID reference="id"/>
        <IsManual>Y</IsManual>
        <IsPersonalAccess>N</IsPersonalAccess>
        <IsShowAcct>N</IsShowAcct>
        <IsPersonalLock>N</IsPersonalLock>
        <IsCanReport>Y</IsCanReport>
        <IsCanExport>Y</IsCanExport>
        <Supervisor_ID reference="id"/>
        <IsCanApproveOwnDoc>N</IsCanApproveOwnDoc>
        <IsAccessAllOrgs>N</IsAccessAllOrgs>
        <IsChangeLog>N</IsChangeLog>
        <PreferenceType>O</PreferenceType>
        <OverwritePriceLimit>N</OverwritePriceLimit>
        <AD_Tree_Org_ID reference="id"/>
        <IsUseUserOrgAccess>N</IsUseUserOrgAccess>
        <ConfirmQueryRecords>0</ConfirmQueryRecords>
        <MaxQueryRecords>0</MaxQueryRecords>
        <Allow_Info_Account>Y</Allow_Info_Account>
        <Allow_Info_Asset>Y</Allow_Info_Asset>
        <Allow_Info_BPartner>Y</Allow_Info_BPartner>
        <Allow_Info_InOut>Y</Allow_Info_InOut>
        <Allow_Info_Invoice>Y</Allow_Info_Invoice>
        <Allow_Info_Order>Y</Allow_Info_Order>
        <Allow_Info_Payment>Y</Allow_Info_Payment>
        <Allow_Info_Product>Y</Allow_Info_Product>
        <Allow_Info_Resource>Y</Allow_Info_Resource>
        <Allow_Info_Schedule>Y</Allow_Info_Schedule>
        <UserDiscount/>
        <IsDiscountUptoLimitPrice>N</IsDiscountUptoLimitPrice>
        <IsDiscountAllowedOnTotal>N</IsDiscountAllowedOnTotal>
        <AmtApprovalAccum>0</AmtApprovalAccum>
        <DaysApprovalAccum>0</DaysApprovalAccum>
        <AD_Role_UU>ae618e24-a47a-40cc-bb5c-8dca64d86daf</AD_Role_UU>
        <IsMenuAutoExpand>N</IsMenuAutoExpand>
        <IsMasterRole>Y</IsMasterRole>
        <IsAccessAdvanced>Y</IsAccessAdvanced>
        <RoleType/>
        <AD_Window_Access type="table">
            <AD_Client_ID>0</AD_Client_ID>
            <AD_Org_ID>0</AD_Org_ID>
            <AD_Window_ID reference="uuid" reference-key="AD_Window">a1f3e45c-4a6f-4c05-af26-517b8e9cbb77</AD_Window_ID>
            <IsActive>Y</IsActive>
            <IsReadWrite>Y</IsReadWrite>
            <AD_Role_ID reference="uuid" reference-key="AD_Role">ae618e24-a47a-40cc-bb5c-8dca64d86daf</AD_Role_ID>
            <AD_Window_Access_UU>80c4d35a-34cd-4107-a357-37abd5f8c9f5</AD_Window_Access_UU>
            <BH_CanDeactivate>N</BH_CanDeactivate>
        </AD_Window_Access>
    </AD_Role>
</idempiere>
