<?xml version="1.0" encoding="UTF-8"?><idempiere Name="AD_Ref_List" Version="1.0.0" idempiereVersion="7.1.0.202007230007" DataBaseVersion="2019-11-22" Description="" Author="kmuhindi" AuthorEmail="" CreatedDate="Tue Mar 09 15:24:03 EAT 2021" UpdatedDate="Tue Mar 09 15:24:03 EAT 2021" PackOutVersion="100" UpdateDictionary="true" Client="0-SYSTEM-System" AD_Client_UU="11237b53-9592-4af1-b3c5-afd216514b5d">
    <AD_Ref_List type="table">
        <AD_Ref_List_ID>651</AD_Ref_List_ID>
        <AD_Client_ID>0</AD_Client_ID>
        <AD_Org_ID>0</AD_Org_ID>
        <AD_Ref_List_ID>651</AD_Ref_List_ID>
        <Name>Debit Card</Name>
        <Description/>
        <AD_Reference_ID reference="id">214</AD_Reference_ID>
        <ValidFrom/>
        <ValidTo/>
        <Value>D</Value>
        <IsActive>Y</IsActive>
        <EntityType>D</EntityType>
        <AD_Ref_List_UU>487227e8-c88e-45ef-8e6d-c0a480fdd0de</AD_Ref_List_UU>
        <AD_Ref_List_Trl type="translation">
            <Description/>
            <Name>Débito Directo</Name>
            <AD_Language>es_CO</AD_Language>
            <IsActive>Y</IsActive>
            <IsTranslated>Y</IsTranslated>
        </AD_Ref_List_Trl>
        <AD_Ref_List_Trl type="translation">
            <Description/>
            <Name>Direct Debit</Name>
            <AD_Language>zh_CN</AD_Language>
            <IsActive>Y</IsActive>
            <IsTranslated>N</IsTranslated>
        </AD_Ref_List_Trl>
    </AD_Ref_List>
</idempiere>
