<?xml version="1.0" encoding="UTF-8"?><idempiere Name="705 Report Name Update" Version="1.0.0" idempiereVersion="" DataBaseVersion="" Description="Updating the existing 705 reports to use new Jasper reports, then renaming one that has nothing to do with the 705." Author="" AuthorEmail="" CreatedDate="2021-09-20 10:04:51.9" UpdatedDate="2021-09-20 10:08:47.038" PackOutVersion="100" UpdateDictionary="false" Client="0-SYSTEM-System" AD_Client_UU="11237b53-9592-4af1-b3c5-afd216514b5d">
    <AD_Package_Exp type="table">
        <AD_Client_ID>0</AD_Client_ID>
        <AD_Org_ID>0</AD_Org_ID>
        <AD_Package_Type>X</AD_Package_Type>
        <EMail/>
        <Instructions/>
        <Name>705 Report Name Update</Name>
        <Processed>N</Processed>
        <ReleaseNo/>
        <Version/>
        <UserName/>
        <Processing>N</Processing>
        <PK_Version>1.0.0</PK_Version>
        <IsActive>Y</IsActive>
        <File_Directory/>
        <Description>Updating the existing 705 reports to use new Jasper reports, then renaming one that has nothing to do with the 705.</Description>
        <AD_Org_ID reference="id">0</AD_Org_ID>
        <AD_Package_Exp_UU>8e4849b5-5f06-4e2d-93ea-b5299d1ab585</AD_Package_Exp_UU>
        <DateFrom>2021-09-20 00:00:00.0</DateFrom>
        <IsExportDictionaryEntity>N</IsExportDictionaryEntity>
        <AD_Package_Exp_Detail type="table">
            <AD_Client_ID>0</AD_Client_ID>
            <AD_Org_ID>0</AD_Org_ID>
            <AD_Form_ID reference="id"/>
            <AD_ImpFormat_ID reference="id"/>
            <AD_Menu_ID reference="id"/>
            <AD_Process_ID reference="uuid" reference-key="AD_Process">c9f91d23-48ea-4990-af5d-f3e7f0db77de</AD_Process_ID>
            <AD_Role_ID reference="id">0</AD_Role_ID>
            <AD_Window_ID reference="id"/>
            <AD_Workflow_ID reference="id"/>
            <IsActive>Y</IsActive>
            <File_Directory/>
            <FileName/>
            <Destination_FileName/>
            <Destination_Directory/>
            <Description/>
            <DBType>ALL</DBType>
            <Type>P</Type>
            <Target_Directory/>
            <SQLStatement/>
            <ReleaseNo/>
            <Processing>N</Processing>
            <Processed>N</Processed>
            <Name2/>
            <Line>20</Line>
            <AD_Workbench_ID reference="id"/>
            <AD_Table_ID reference="id"/>
            <AD_ReportView_ID reference="id"/>
            <AD_Package_Exp_ID reference="uuid" reference-key="AD_Package_Exp">8e4849b5-5f06-4e2d-93ea-b5299d1ab585</AD_Package_Exp_ID>
            <AD_Org_ID reference="id">0</AD_Org_ID>
            <AD_Package_Code_New/>
            <AD_Package_Code_Old/>
            <AD_Val_Rule_ID reference="id"/>
            <AD_Message_ID reference="id"/>
            <AD_PrintFormat_ID reference="id"/>
            <AD_Reference_ID reference="id"/>
            <AD_ModelValidator_ID reference="id"/>
            <AD_EntityType_ID reference="id"/>
            <AD_Package_Exp_Detail_UU>2792e836-500e-47d1-a6ad-9e5522671989</AD_Package_Exp_Detail_UU>
            <AD_InfoWindow_ID reference="id">200000</AD_InfoWindow_ID>
        </AD_Package_Exp_Detail>
        <AD_Package_Exp_Detail type="table">
            <AD_Client_ID>0</AD_Client_ID>
            <AD_Org_ID>0</AD_Org_ID>
            <AD_Form_ID reference="id"/>
            <AD_ImpFormat_ID reference="id"/>
            <AD_Menu_ID reference="id"/>
            <AD_Process_ID reference="uuid" reference-key="AD_Process">432eeb61-1a87-4880-bded-91927139341c</AD_Process_ID>
            <AD_Role_ID reference="id">0</AD_Role_ID>
            <AD_Window_ID reference="id"/>
            <AD_Workflow_ID reference="id"/>
            <IsActive>Y</IsActive>
            <File_Directory/>
            <FileName/>
            <Destination_FileName/>
            <Destination_Directory/>
            <Description/>
            <DBType>ALL</DBType>
            <Type>P</Type>
            <Target_Directory/>
            <SQLStatement/>
            <ReleaseNo/>
            <Processing>N</Processing>
            <Processed>N</Processed>
            <Name2/>
            <Line>30</Line>
            <AD_Workbench_ID reference="id"/>
            <AD_Table_ID reference="id"/>
            <AD_ReportView_ID reference="id"/>
            <AD_Package_Exp_ID reference="uuid" reference-key="AD_Package_Exp">8e4849b5-5f06-4e2d-93ea-b5299d1ab585</AD_Package_Exp_ID>
            <AD_Org_ID reference="id">0</AD_Org_ID>
            <AD_Package_Code_New/>
            <AD_Package_Code_Old/>
            <AD_Val_Rule_ID reference="id"/>
            <AD_Message_ID reference="id"/>
            <AD_PrintFormat_ID reference="id"/>
            <AD_Reference_ID reference="id"/>
            <AD_ModelValidator_ID reference="id"/>
            <AD_EntityType_ID reference="id"/>
            <AD_Package_Exp_Detail_UU>abb55149-802b-470d-b102-5e253e4a5cc9</AD_Package_Exp_Detail_UU>
            <AD_InfoWindow_ID reference="id">200000</AD_InfoWindow_ID>
        </AD_Package_Exp_Detail>
        <AD_Package_Exp_Detail type="table">
            <AD_Client_ID>0</AD_Client_ID>
            <AD_Org_ID>0</AD_Org_ID>
            <AD_Form_ID reference="id"/>
            <AD_ImpFormat_ID reference="id"/>
            <AD_Menu_ID reference="id"/>
            <AD_Process_ID reference="uuid" reference-key="AD_Process">061ed4a0-5670-4764-909e-fb4592f51aaa</AD_Process_ID>
            <AD_Role_ID reference="id">0</AD_Role_ID>
            <AD_Window_ID reference="id"/>
            <AD_Workflow_ID reference="id"/>
            <IsActive>Y</IsActive>
            <File_Directory/>
            <FileName/>
            <Destination_FileName/>
            <Destination_Directory/>
            <Description/>
            <DBType>ALL</DBType>
            <Type>P</Type>
            <Target_Directory/>
            <SQLStatement/>
            <ReleaseNo/>
            <Processing>N</Processing>
            <Processed>N</Processed>
            <Name2/>
            <Line>40</Line>
            <AD_Workbench_ID reference="id"/>
            <AD_Table_ID reference="id"/>
            <AD_ReportView_ID reference="id"/>
            <AD_Package_Exp_ID reference="uuid" reference-key="AD_Package_Exp">8e4849b5-5f06-4e2d-93ea-b5299d1ab585</AD_Package_Exp_ID>
            <AD_Org_ID reference="id">0</AD_Org_ID>
            <AD_Package_Code_New/>
            <AD_Package_Code_Old/>
            <AD_Val_Rule_ID reference="id"/>
            <AD_Message_ID reference="id"/>
            <AD_PrintFormat_ID reference="id"/>
            <AD_Reference_ID reference="id"/>
            <AD_ModelValidator_ID reference="id"/>
            <AD_EntityType_ID reference="id"/>
            <AD_Package_Exp_Detail_UU>4e10e09e-0c55-46ef-88f6-50255f760487</AD_Package_Exp_Detail_UU>
            <AD_InfoWindow_ID reference="id">200000</AD_InfoWindow_ID>
        </AD_Package_Exp_Detail>
        <AD_Package_Exp_Detail type="table">
            <AD_Client_ID>0</AD_Client_ID>
            <AD_Org_ID>0</AD_Org_ID>
            <AD_Form_ID reference="id"/>
            <AD_ImpFormat_ID reference="id"/>
            <AD_Menu_ID reference="id"/>
            <AD_Process_ID reference="id"/>
            <AD_Role_ID reference="id">0</AD_Role_ID>
            <AD_Window_ID reference="id"/>
            <AD_Workflow_ID reference="id"/>
            <IsActive>Y</IsActive>
            <File_Directory/>
            <FileName/>
            <Destination_FileName/>
            <Destination_Directory/>
            <Description/>
            <DBType>ALL</DBType>
            <Type>D</Type>
            <Target_Directory/>
            <SQLStatement>SELECT * FROM AD_Package_Exp WHERE AD_Package_Exp_UU='8e4849b5-5f06-4e2d-93ea-b5299d1ab585'; AD_Package_Exp_Detail</SQLStatement>
            <ReleaseNo/>
            <Processing>N</Processing>
            <Processed>N</Processed>
            <Name2/>
            <Line>10</Line>
            <AD_Workbench_ID reference="id"/>
            <AD_Table_ID reference="id">50005</AD_Table_ID>
            <AD_ReportView_ID reference="id"/>
            <AD_Package_Exp_ID reference="uuid" reference-key="AD_Package_Exp">8e4849b5-5f06-4e2d-93ea-b5299d1ab585</AD_Package_Exp_ID>
            <AD_Org_ID reference="id">0</AD_Org_ID>
            <AD_Package_Code_New/>
            <AD_Package_Code_Old/>
            <AD_Val_Rule_ID reference="id"/>
            <AD_Message_ID reference="id"/>
            <AD_PrintFormat_ID reference="id"/>
            <AD_Reference_ID reference="id"/>
            <AD_ModelValidator_ID reference="id"/>
            <AD_EntityType_ID reference="id"/>
            <AD_Package_Exp_Detail_UU>deaa394e-6caa-4dda-9348-279c3de940d0</AD_Package_Exp_Detail_UU>
            <AD_InfoWindow_ID reference="id">200000</AD_InfoWindow_ID>
        </AD_Package_Exp_Detail>
    </AD_Package_Exp>
    <AD_Process type="table">
        <AD_Client_ID>0</AD_Client_ID>
        <AD_Org_ID>0</AD_Org_ID>
        <AD_Org_ID reference="id">0</AD_Org_ID>
        <IsActive>Y</IsActive>
        <Name>MoH705A Out Patient Under 5yr Summary</Name>
        <Description>Generate outpatient under 5yr summary</Description>
        <Help/>
        <ProcedureName/>
        <IsReport>Y</IsReport>
        <Value>BH MoH705A Out Patient Under 5yr Summary</Value>
        <IsDirectPrint>N</IsDirectPrint>
        <AD_ReportView_ID reference="id"/>
        <Classname/>
        <AccessLevel>3</AccessLevel>
        <EntityType>U</EntityType>
        <Statistic_Count>0</Statistic_Count>
        <Statistic_Seconds>0</Statistic_Seconds>
        <AD_PrintFormat_ID reference="id"/>
        <WorkflowValue/>
        <AD_Workflow_ID reference="id"/>
        <IsBetaFunctionality>N</IsBetaFunctionality>
        <ShowHelp>Y</ShowHelp>
        <JasperReport>705A Main Report.jasper</JasperReport>
        <AD_Form_ID reference="id"/>
        <CopyFromProcess>N</CopyFromProcess>
        <AD_Process_UU>c9f91d23-48ea-4990-af5d-f3e7f0db77de</AD_Process_UU>
        <AD_CtxHelp_ID reference="id"/>
        <ExecutionType/>
        <AllowMultipleExecution>P</AllowMultipleExecution>
        <AD_Process_Trl type="translation">
            <Description>Generate outpatient under 5yr summary</Description>
            <Help/>
            <Name>MoH705A Out Patient Under 5yr Summary</Name>
            <AD_Language>fr_FR</AD_Language>
            <IsActive>Y</IsActive>
            <IsTranslated>N</IsTranslated>
        </AD_Process_Trl>
        <AD_Process_Trl type="translation">
            <Description>Generate count of patients with their diagnoses</Description>
            <Help/>
            <Name>MoH705A Diagnoses Count</Name>
            <AD_Language>zh_CN</AD_Language>
            <IsActive>Y</IsActive>
            <IsTranslated>N</IsTranslated>
        </AD_Process_Trl>
    </AD_Process>
    <AD_Process type="table">
        <AD_Client_ID>0</AD_Client_ID>
        <AD_Org_ID>0</AD_Org_ID>
        <AD_Org_ID reference="id">0</AD_Org_ID>
        <IsActive>Y</IsActive>
        <Name>MoH705B Out Patient Over 5yr Summary</Name>
        <Description>Generate outpatient over 5yr summary</Description>
        <Help/>
        <ProcedureName/>
        <IsReport>Y</IsReport>
        <Value>BH MoH705B Out Patient Over 5yr Summary</Value>
        <IsDirectPrint>N</IsDirectPrint>
        <AD_ReportView_ID reference="id"/>
        <Classname/>
        <AccessLevel>3</AccessLevel>
        <EntityType>U</EntityType>
        <Statistic_Count>0</Statistic_Count>
        <Statistic_Seconds>0</Statistic_Seconds>
        <AD_PrintFormat_ID reference="id"/>
        <WorkflowValue/>
        <AD_Workflow_ID reference="id"/>
        <IsBetaFunctionality>N</IsBetaFunctionality>
        <ShowHelp>Y</ShowHelp>
        <JasperReport>705B Main Report.jasper</JasperReport>
        <AD_Form_ID reference="id"/>
        <CopyFromProcess>N</CopyFromProcess>
        <AD_Process_UU>432eeb61-1a87-4880-bded-91927139341c</AD_Process_UU>
        <AD_CtxHelp_ID reference="id"/>
        <ExecutionType/>
        <AllowMultipleExecution>P</AllowMultipleExecution>
        <AD_Process_Trl type="translation">
            <Description>Generate outpatient over 5yr summary</Description>
            <Help/>
            <Name>MoH705B Out Patient Over 5yr Summary</Name>
            <AD_Language>fr_FR</AD_Language>
            <IsActive>Y</IsActive>
            <IsTranslated>N</IsTranslated>
        </AD_Process_Trl>
        <AD_Process_Trl type="translation">
            <Description>Generate outpatient over 5yr summary</Description>
            <Help/>
            <Name>MoH705A Out Patient Over 5yr Summary</Name>
            <AD_Language>zh_CN</AD_Language>
            <IsActive>Y</IsActive>
            <IsTranslated>N</IsTranslated>
        </AD_Process_Trl>
    </AD_Process>
    <AD_Process type="table">
        <AD_Client_ID>0</AD_Client_ID>
        <AD_Org_ID>0</AD_Org_ID>
        <AD_Org_ID reference="id">0</AD_Org_ID>
        <IsActive>Y</IsActive>
        <Name>Patient Visits and Referrals</Name>
        <Description>Generate count of patients with their visit type and referrals</Description>
        <Help/>
        <ProcedureName/>
        <IsReport>Y</IsReport>
        <Value>BH Patient Visits and Referrals</Value>
        <IsDirectPrint>N</IsDirectPrint>
        <AD_ReportView_ID reference="id"/>
        <Classname/>
        <AccessLevel>3</AccessLevel>
        <EntityType>U</EntityType>
        <Statistic_Count>0</Statistic_Count>
        <Statistic_Seconds>0</Statistic_Seconds>
        <AD_PrintFormat_ID reference="id"/>
        <WorkflowValue/>
        <AD_Workflow_ID reference="id"/>
        <IsBetaFunctionality>N</IsBetaFunctionality>
        <ShowHelp>Y</ShowHelp>
        <JasperReport>MoH705PatientVisitsReferralsTotals.jasper</JasperReport>
        <AD_Form_ID reference="id"/>
        <CopyFromProcess>N</CopyFromProcess>
        <AD_Process_UU>061ed4a0-5670-4764-909e-fb4592f51aaa</AD_Process_UU>
        <AD_CtxHelp_ID reference="id"/>
        <ExecutionType/>
        <AllowMultipleExecution>P</AllowMultipleExecution>
        <AD_Process_Trl type="translation">
            <Description>Generate count of patients with their visit type and referrals</Description>
            <Help/>
            <Name>MoH705A Patient Visits and Referrals</Name>
            <AD_Language>fr_FR</AD_Language>
            <IsActive>Y</IsActive>
            <IsTranslated>N</IsTranslated>
        </AD_Process_Trl>
        <AD_Process_Trl type="translation">
            <Description>Generate MoH705A p2 report</Description>
            <Help/>
            <Name>MoH705A p2</Name>
            <AD_Language>zh_CN</AD_Language>
            <IsActive>Y</IsActive>
            <IsTranslated>N</IsTranslated>
        </AD_Process_Trl>
    </AD_Process>
</idempiere>
