<?xml version="1.0" encoding="UTF-8"?><idempiere Name="AD_Reference" Version="1.0.0" idempiereVersion="7.1.0.202007230007" DataBaseVersion="2019-11-22" Description="" Author="kmuhindi" AuthorEmail="" CreatedDate="Fri Mar 05 17:01:04 EAT 2021" UpdatedDate="Fri Mar 05 17:01:04 EAT 2021" PackOutVersion="100" UpdateDictionary="true" Client="0-SYSTEM-System" AD_Client_UU="11237b53-9592-4af1-b3c5-afd216514b5d">
    <AD_Reference type="table">
        <AD_Reference_ID>214</AD_Reference_ID>
        <AD_Client_ID>0</AD_Client_ID>
        <AD_Org_ID>0</AD_Org_ID>
        <AD_Reference_ID>214</AD_Reference_ID>
        <Name>C_Payment Tender Type</Name>
        <Description>Direct Debit/Deposit - Check - CC</Description>
        <Help/>
        <ValidationType>L</ValidationType>
        <IsActive>Y</IsActive>
        <VFormat/>
        <EntityType>D</EntityType>
        <IsOrderByValue>N</IsOrderByValue>
        <AD_Reference_UU>9d124599-d720-436b-a609-011bcf2eff8e</AD_Reference_UU>
        <AD_Element_ID reference="id"/>
        <AD_Reference_Trl type="translation">
            <Description/>
            <Help/>
            <Name>C_Payment Tender Type</Name>
            <AD_Language>es_CO</AD_Language>
            <IsActive>Y</IsActive>
            <IsTranslated>Y</IsTranslated>
        </AD_Reference_Trl>
        <AD_Reference_Trl type="translation">
            <Description>Direct Debit/Deposit - Check - CC</Description>
            <Help/>
            <Name>C_Payment Tender Type</Name>
            <AD_Language>zh_CN</AD_Language>
            <IsActive>Y</IsActive>
            <IsTranslated>N</IsTranslated>
        </AD_Reference_Trl>
        <AD_Ref_List type="table">
            <AD_Ref_List_ID>402</AD_Ref_List_ID>
            <AD_Client_ID>0</AD_Client_ID>
            <AD_Org_ID>0</AD_Org_ID>
            <AD_Ref_List_ID>402</AD_Ref_List_ID>
            <Name>Direct Deposit</Name>
            <Description>ACH Automatic Clearing House</Description>
            <AD_Reference_ID reference="id">214</AD_Reference_ID>
            <ValidFrom/>
            <ValidTo/>
            <Value>A</Value>
            <IsActive>Y</IsActive>
            <EntityType>D</EntityType>
            <AD_Ref_List_UU>220f3864-24b8-42ba-9a91-a247f4697530</AD_Ref_List_UU>
            <AD_Ref_List_Trl type="translation">
                <Description>Transferencia (ACH)</Description>
                <Name>Depósito Directo</Name>
                <AD_Language>es_CO</AD_Language>
                <IsActive>Y</IsActive>
                <IsTranslated>Y</IsTranslated>
            </AD_Ref_List_Trl>
            <AD_Ref_List_Trl type="translation">
                <Description>ACH Automatic Clearing House</Description>
                <Name>Direct Deposit</Name>
                <AD_Language>zh_CN</AD_Language>
                <IsActive>Y</IsActive>
                <IsTranslated>N</IsTranslated>
            </AD_Ref_List_Trl>
        </AD_Ref_List>
        <AD_Ref_List type="table">
            <AD_Ref_List_ID>400</AD_Ref_List_ID>
            <AD_Client_ID>0</AD_Client_ID>
            <AD_Org_ID>0</AD_Org_ID>
            <AD_Ref_List_ID>400</AD_Ref_List_ID>
            <Name>Credit Card</Name>
            <Description/>
            <AD_Reference_ID reference="id">214</AD_Reference_ID>
            <ValidFrom/>
            <ValidTo/>
            <Value>C</Value>
            <IsActive>Y</IsActive>
            <EntityType>D</EntityType>
            <AD_Ref_List_UU>d3874573-b7bf-4556-9b9c-3644698c959e</AD_Ref_List_UU>
            <AD_Ref_List_Trl type="translation">
                <Description/>
                <Name>Tarjeta De Crédito</Name>
                <AD_Language>es_CO</AD_Language>
                <IsActive>Y</IsActive>
                <IsTranslated>Y</IsTranslated>
            </AD_Ref_List_Trl>
            <AD_Ref_List_Trl type="translation">
                <Description/>
                <Name>Credit Card</Name>
                <AD_Language>zh_CN</AD_Language>
                <IsActive>Y</IsActive>
                <IsTranslated>N</IsTranslated>
            </AD_Ref_List_Trl>
        </AD_Ref_List>
        <AD_Ref_List type="table">
            <AD_Ref_List_ID>401</AD_Ref_List_ID>
            <AD_Client_ID>0</AD_Client_ID>
            <AD_Org_ID>0</AD_Org_ID>
            <AD_Ref_List_ID>401</AD_Ref_List_ID>
            <Name>Check</Name>
            <Description/>
            <AD_Reference_ID reference="id">214</AD_Reference_ID>
            <ValidFrom/>
            <ValidTo/>
            <Value>K</Value>
            <IsActive>Y</IsActive>
            <EntityType>D</EntityType>
            <AD_Ref_List_UU>900adbf9-5069-4f56-9d97-0313c6372af3</AD_Ref_List_UU>
            <AD_Ref_List_Trl type="translation">
                <Description/>
                <Name>Cheque</Name>
                <AD_Language>es_CO</AD_Language>
                <IsActive>Y</IsActive>
                <IsTranslated>Y</IsTranslated>
            </AD_Ref_List_Trl>
            <AD_Ref_List_Trl type="translation">
                <Description/>
                <Name>Check</Name>
                <AD_Language>zh_CN</AD_Language>
                <IsActive>Y</IsActive>
                <IsTranslated>N</IsTranslated>
            </AD_Ref_List_Trl>
        </AD_Ref_List>
        <AD_Ref_List type="table">
            <AD_Ref_List_ID>53351</AD_Ref_List_ID>
            <AD_Client_ID>0</AD_Client_ID>
            <AD_Org_ID>0</AD_Org_ID>
            <AD_Ref_List_ID>53351</AD_Ref_List_ID>
            <Name>Account</Name>
            <Description/>
            <AD_Reference_ID reference="id">214</AD_Reference_ID>
            <ValidFrom/>
            <ValidTo/>
            <Value>T</Value>
            <IsActive>Y</IsActive>
            <EntityType>D</EntityType>
            <AD_Ref_List_UU>bd6f5227-483d-4bcf-b1fe-a840a3142327</AD_Ref_List_UU>
            <AD_Ref_List_Trl type="translation">
                <Description/>
                <Name>Cuenta</Name>
                <AD_Language>es_CO</AD_Language>
                <IsActive>Y</IsActive>
                <IsTranslated>Y</IsTranslated>
            </AD_Ref_List_Trl>
            <AD_Ref_List_Trl type="translation">
                <Description/>
                <Name>Account</Name>
                <AD_Language>zh_CN</AD_Language>
                <IsActive>Y</IsActive>
                <IsTranslated>N</IsTranslated>
            </AD_Ref_List_Trl>
        </AD_Ref_List>
        <AD_Ref_List type="table">
            <AD_Ref_List_ID>53438</AD_Ref_List_ID>
            <AD_Client_ID>0</AD_Client_ID>
            <AD_Org_ID>0</AD_Org_ID>
            <AD_Ref_List_ID>53438</AD_Ref_List_ID>
            <Name>Cash</Name>
            <Description/>
            <AD_Reference_ID reference="id">214</AD_Reference_ID>
            <ValidFrom/>
            <ValidTo/>
            <Value>X</Value>
            <IsActive>Y</IsActive>
            <EntityType>D</EntityType>
            <AD_Ref_List_UU>52c6c5a6-83ce-48c4-b874-721f8cd4e66b</AD_Ref_List_UU>
            <AD_Ref_List_Trl type="translation">
                <Description/>
                <Name>Efectivo</Name>
                <AD_Language>es_CO</AD_Language>
                <IsActive>Y</IsActive>
                <IsTranslated>Y</IsTranslated>
            </AD_Ref_List_Trl>
            <AD_Ref_List_Trl type="translation">
                <Description/>
                <Name>Cash</Name>
                <AD_Language>zh_CN</AD_Language>
                <IsActive>Y</IsActive>
                <IsTranslated>N</IsTranslated>
            </AD_Ref_List_Trl>
        </AD_Ref_List>
        <AD_Ref_List type="table">
            <AD_Ref_List_ID>651</AD_Ref_List_ID>
            <AD_Client_ID>0</AD_Client_ID>
            <AD_Org_ID>0</AD_Org_ID>
            <AD_Ref_List_ID>651</AD_Ref_List_ID>
            <Name>Direct Debit</Name>
            <Description/>
            <AD_Reference_ID reference="id">214</AD_Reference_ID>
            <ValidFrom/>
            <ValidTo/>
            <Value>D</Value>
            <IsActive>Y</IsActive>
            <EntityType>D</EntityType>
            <AD_Ref_List_UU>487227e8-c88e-45ef-8e6d-c0a480fdd0de</AD_Ref_List_UU>
            <AD_Ref_List_Trl type="translation">
                <Description/>
                <Name>Débito Directo</Name>
                <AD_Language>es_CO</AD_Language>
                <IsActive>Y</IsActive>
                <IsTranslated>Y</IsTranslated>
            </AD_Ref_List_Trl>
            <AD_Ref_List_Trl type="translation">
                <Description/>
                <Name>Direct Debit</Name>
                <AD_Language>zh_CN</AD_Language>
                <IsActive>Y</IsActive>
                <IsTranslated>N</IsTranslated>
            </AD_Ref_List_Trl>
        </AD_Ref_List>
        <AD_Ref_List type="table">
            <AD_Client_ID>0</AD_Client_ID>
            <AD_Org_ID>0</AD_Org_ID>
            <Name>M-Pesa</Name>
            <Description/>
            <AD_Reference_ID reference="id">214</AD_Reference_ID>
            <ValidFrom/>
            <ValidTo/>
            <Value>M</Value>
            <IsActive>Y</IsActive>
            <EntityType>U</EntityType>
            <AD_Ref_List_UU>7a78334e-3494-4d40-a718-c42cb053eea6</AD_Ref_List_UU>
            <AD_Ref_List_Trl type="translation">
                <Description/>
                <Name>M-Pesa</Name>
                <AD_Language>zh_CN</AD_Language>
                <IsActive>Y</IsActive>
                <IsTranslated>N</IsTranslated>
            </AD_Ref_List_Trl>
        </AD_Ref_List>
        <AD_Ref_List type="table">
            <AD_Client_ID>0</AD_Client_ID>
            <AD_Org_ID>0</AD_Org_ID>
            <Name>NHIF</Name>
            <Description/>
            <AD_Reference_ID reference="id">214</AD_Reference_ID>
            <ValidFrom/>
            <ValidTo/>
            <Value>N</Value>
            <IsActive>Y</IsActive>
            <EntityType>U</EntityType>
            <AD_Ref_List_UU>28617687-cb93-494a-8f03-bc453da32658</AD_Ref_List_UU>
            <AD_Ref_List_Trl type="translation">
                <Description/>
                <Name>NHIF</Name>
                <AD_Language>zh_CN</AD_Language>
                <IsActive>Y</IsActive>
                <IsTranslated>N</IsTranslated>
            </AD_Ref_List_Trl>
        </AD_Ref_List>
        <AD_Ref_List type="table">
            <AD_Client_ID>0</AD_Client_ID>
            <AD_Org_ID>0</AD_Org_ID>
            <Name>Linda Mama</Name>
            <Description/>
            <AD_Reference_ID reference="id">214</AD_Reference_ID>
            <ValidFrom/>
            <ValidTo/>
            <Value>i</Value>
            <IsActive>Y</IsActive>
            <EntityType>U</EntityType>
            <AD_Ref_List_UU>5b4b4fcf-85c0-4d7c-851d-ab0db2e84b6d</AD_Ref_List_UU>
            <AD_Ref_List_Trl type="translation">
                <Description/>
                <Name>Linda Mama</Name>
                <AD_Language>zh_CN</AD_Language>
                <IsActive>Y</IsActive>
                <IsTranslated>N</IsTranslated>
            </AD_Ref_List_Trl>
        </AD_Ref_List>
        <AD_Ref_List type="table">
            <AD_Client_ID>0</AD_Client_ID>
            <AD_Org_ID>0</AD_Org_ID>
            <Name>Bill Waiver</Name>
            <Description/>
            <AD_Reference_ID reference="id">214</AD_Reference_ID>
            <ValidFrom/>
            <ValidTo/>
            <Value>B</Value>
            <IsActive>Y</IsActive>
            <EntityType>U</EntityType>
            <AD_Ref_List_UU>ade64e84-cd1b-43bc-a85c-c17a14963305</AD_Ref_List_UU>
            <AD_Ref_List_Trl type="translation">
                <Description/>
                <Name>Local Fund</Name>
                <AD_Language>zh_CN</AD_Language>
                <IsActive>Y</IsActive>
                <IsTranslated>N</IsTranslated>
            </AD_Ref_List_Trl>
        </AD_Ref_List>
        <AD_Ref_List type="table">
            <AD_Client_ID>0</AD_Client_ID>
            <AD_Org_ID>0</AD_Org_ID>
            <Name>Donor Fund</Name>
            <Description/>
            <AD_Reference_ID reference="id">214</AD_Reference_ID>
            <ValidFrom/>
            <ValidTo/>
            <Value>F</Value>
            <IsActive>Y</IsActive>
            <EntityType>U</EntityType>
            <AD_Ref_List_UU>e24511d1-9180-491c-9cc6-354b8a08e1ff</AD_Ref_List_UU>
            <AD_Ref_List_Trl type="translation">
                <Description/>
                <Name>Donor Fund 1</Name>
                <AD_Language>zh_CN</AD_Language>
                <IsActive>Y</IsActive>
                <IsTranslated>N</IsTranslated>
            </AD_Ref_List_Trl>
        </AD_Ref_List>
        <AD_Ref_List type="table">
            <AD_Client_ID>0</AD_Client_ID>
            <AD_Org_ID>0</AD_Org_ID>
            <Name>CCC</Name>
            <Description/>
            <AD_Reference_ID reference="id">214</AD_Reference_ID>
            <ValidFrom/>
            <ValidTo/>
            <Value>G</Value>
            <IsActive>Y</IsActive>
            <EntityType>U</EntityType>
            <AD_Ref_List_UU>bb077404-71a4-4348-9afa-2b99ae9e1381</AD_Ref_List_UU>
            <AD_Ref_List_Trl type="translation">
                <Description/>
                <Name>CCC</Name>
                <AD_Language>zh_CN</AD_Language>
                <IsActive>Y</IsActive>
                <IsTranslated>N</IsTranslated>
            </AD_Ref_List_Trl>
        </AD_Ref_List>
        <AD_Ref_List type="table">
            <AD_Client_ID>0</AD_Client_ID>
            <AD_Org_ID>0</AD_Org_ID>
            <Name>MCH</Name>
            <Description/>
            <AD_Reference_ID reference="id">214</AD_Reference_ID>
            <ValidFrom/>
            <ValidTo/>
            <Value>H</Value>
            <IsActive>Y</IsActive>
            <EntityType>U</EntityType>
            <AD_Ref_List_UU>55df64a7-1c7f-43f2-846b-f542c9cafa45</AD_Ref_List_UU>
            <AD_Ref_List_Trl type="translation">
                <Description/>
                <Name>MCH</Name>
                <AD_Language>zh_CN</AD_Language>
                <IsActive>Y</IsActive>
                <IsTranslated>N</IsTranslated>
            </AD_Ref_List_Trl>
        </AD_Ref_List>
        <AD_Ref_List type="table">
            <AD_Client_ID>0</AD_Client_ID>
            <AD_Org_ID>0</AD_Org_ID>
            <Name>Outreach</Name>
            <Description/>
            <AD_Reference_ID reference="id">214</AD_Reference_ID>
            <ValidFrom/>
            <ValidTo/>
            <Value>O</Value>
            <IsActive>Y</IsActive>
            <EntityType>U</EntityType>
            <AD_Ref_List_UU>4caa3109-804f-4773-8115-9bdb116f329b</AD_Ref_List_UU>
            <AD_Ref_List_Trl type="translation">
                <Description/>
                <Name>Outreach</Name>
                <AD_Language>zh_CN</AD_Language>
                <IsActive>Y</IsActive>
                <IsTranslated>N</IsTranslated>
            </AD_Ref_List_Trl>
        </AD_Ref_List>
        <AD_Ref_List type="table">
            <AD_Client_ID>0</AD_Client_ID>
            <AD_Org_ID>0</AD_Org_ID>
            <Name>M-TIBA</Name>
            <Description/>
            <AD_Reference_ID reference="id">214</AD_Reference_ID>
            <ValidFrom/>
            <ValidTo/>
            <Value>L</Value>
            <IsActive>Y</IsActive>
            <EntityType>U</EntityType>
            <AD_Ref_List_UU>7449ae78-c7d3-463b-921e-62a82a5e1a59</AD_Ref_List_UU>
            <AD_Ref_List_Trl type="translation">
                <Description/>
                <Name>M-TIBA</Name>
                <AD_Language>zh_CN</AD_Language>
                <IsActive>Y</IsActive>
                <IsTranslated>N</IsTranslated>
            </AD_Ref_List_Trl>
        </AD_Ref_List>
        <AD_Ref_List type="table">
            <AD_Client_ID>0</AD_Client_ID>
            <AD_Org_ID>0</AD_Org_ID>
            <Name>Debit Card</Name>
            <Description>Use ATM card for payment settling</Description>
            <AD_Reference_ID reference="id">214</AD_Reference_ID>
            <ValidFrom/>
            <ValidTo/>
            <Value>DC</Value>
            <IsActive>Y</IsActive>
            <EntityType>U</EntityType>
            <AD_Ref_List_UU>5a822154-86aa-43cd-869d-96f7e2798d26</AD_Ref_List_UU>
            <AD_Ref_List_Trl type="translation">
                <Description>Use ATM card for payment settling</Description>
                <Name>Debit Card</Name>
                <AD_Language>zh_CN</AD_Language>
                <IsActive>Y</IsActive>
                <IsTranslated>N</IsTranslated>
            </AD_Ref_List_Trl>
        </AD_Ref_List>
    </AD_Reference>
</idempiere>
