<?xml version="1.0" encoding="UTF-8"?><idempiere Name="BH_ProductInfo" Version="1.0.0.0" idempiereVersion="" DataBaseVersion="" Description="" Author="" AuthorEmail="" CreatedDate="2019-02-06 16:10:30.512" UpdatedDate="2019-02-06 16:10:30.512" PackOutVersion="100" UpdateDictionary="false" Client="0-SYSTEM-System" AD_Client_UU="11237b53-9592-4af1-b3c5-afd216514b5d">
    <AD_Val_Rule type="table">
        <AD_Client_ID>0</AD_Client_ID>
        <AD_Org_ID>0</AD_Org_ID>
        <Name>BH_M_Product_Type</Name>
        <Description/>
        <Type>S</Type>
        <Code>AD_Ref_List.Name IN ('Item', 'Service')</Code>
        <IsActive>Y</IsActive>
        <EntityType>U</EntityType>
        <AD_Val_Rule_UU>a921d46d-b2d9-4985-b716-d950abee1ed0</AD_Val_Rule_UU>
    </AD_Val_Rule>
    <AD_InfoColumn type="table">
        <AD_Client_ID>0</AD_Client_ID>
        <AD_Org_ID>0</AD_Org_ID>
        <IsActive>Y</IsActive>
        <Name>Product Type</Name>
        <Description>Type of product</Description>
        <Help>The type of product also determines accounting consequences.</Help>
        <AD_InfoWindow_ID reference="id">200000</AD_InfoWindow_ID>
        <EntityType>U</EntityType>
        <SelectClause>p.producttype</SelectClause>
        <SeqNo>55</SeqNo>
        <IsDisplayed>Y</IsDisplayed>
        <IsQueryCriteria>Y</IsQueryCriteria>
        <AD_Element_ID reference="id">1899</AD_Element_ID>
        <AD_Reference_ID reference="id">17</AD_Reference_ID>
        <AD_InfoColumn_UU>493a6396-3480-4a53-9c5a-acca37192ca3</AD_InfoColumn_UU>
        <AD_Reference_Value_ID reference="id">270</AD_Reference_Value_ID>
        <AD_Val_Rule_ID reference="uuid" reference-key="AD_Val_Rule">a921d46d-b2d9-4985-b716-d950abee1ed0</AD_Val_Rule_ID>
        <IsCentrallyMaintained>Y</IsCentrallyMaintained>
        <DisplayLogic/>
        <ColumnName>ProductType</ColumnName>
        <QueryOperator>=</QueryOperator>
        <QueryFunction/>
        <IsIdentifier>N</IsIdentifier>
        <SeqNoSelection>0</SeqNoSelection>
        <DefaultValue/>
        <IsMandatory>N</IsMandatory>
        <IsKey>N</IsKey>
        <AD_InfoColumn_Trl type="translation">
            <Help>The type of product also determines accounting consequences.</Help>
            <Description>Type of product</Description>
            <Name>Product Type</Name>
            <AD_Language>zh_CN</AD_Language>
            <IsActive>Y</IsActive>
            <IsTranslated>N</IsTranslated>
        </AD_InfoColumn_Trl>
    </AD_InfoColumn>
    <AD_Package_Exp type="table">
        <AD_Client_ID>0</AD_Client_ID>
        <AD_Org_ID>0</AD_Org_ID>
        <AD_Package_Type>X</AD_Package_Type>
        <EMail/>
        <Instructions/>
        <Name>BH_ProductInfo</Name>
        <Processed>N</Processed>
        <ReleaseNo/>
        <Version/>
        <UserName/>
        <Processing>N</Processing>
        <PK_Version>1.0.0.0</PK_Version>
        <IsActive>Y</IsActive>
        <File_Directory/>
        <Description/>
        <AD_Package_Exp_UU>e41cdb97-add4-4148-b7bf-d1f37c595b1c</AD_Package_Exp_UU>
        <DateFrom/>
        <IsExportDictionaryEntity>N</IsExportDictionaryEntity>
        <AD_Package_Exp_Detail type="table">
            <AD_Client_ID>0</AD_Client_ID>
            <AD_Org_ID>0</AD_Org_ID>
            <AD_Form_ID reference="id"/>
            <AD_ImpFormat_ID reference="id"/>
            <AD_Menu_ID reference="id"/>
            <AD_Process_ID reference="id"/>
            <AD_Role_ID reference="id">0</AD_Role_ID>
            <AD_Window_ID reference="id"/>
            <AD_Workflow_ID reference="id"/>
            <IsActive>Y</IsActive>
            <File_Directory/>
            <FileName/>
            <Destination_FileName/>
            <Destination_Directory/>
            <Description/>
            <DBType>ALL</DBType>
            <Type>D</Type>
            <Target_Directory/>
            <SQLStatement>SELECT * FROM AD_Package_Exp WHERE AD_Package_Exp_UU='e41cdb97-add4-4148-b7bf-d1f37c595b1c';AD_Package_Exp_Detail</SQLStatement>
            <ReleaseNo/>
            <Processing>N</Processing>
            <Processed>N</Processed>
            <Name2/>
            <Line>20</Line>
            <AD_Workbench_ID reference="id"/>
            <AD_Table_ID reference="id">50005</AD_Table_ID>
            <AD_ReportView_ID reference="id"/>
            <AD_Package_Exp_ID reference="uuid" reference-key="AD_Package_Exp">e41cdb97-add4-4148-b7bf-d1f37c595b1c</AD_Package_Exp_ID>
            <AD_Package_Code_New/>
            <AD_Package_Code_Old/>
            <AD_Val_Rule_ID reference="id"/>
            <AD_Message_ID reference="id"/>
            <AD_PrintFormat_ID reference="id"/>
            <AD_Reference_ID reference="id"/>
            <AD_ModelValidator_ID reference="id"/>
            <AD_EntityType_ID reference="id"/>
            <AD_Package_Exp_Detail_UU>266cb820-ea04-4077-adee-edadd586e765</AD_Package_Exp_Detail_UU>
        </AD_Package_Exp_Detail>
        <AD_Package_Exp_Detail type="table">
            <AD_Client_ID>0</AD_Client_ID>
            <AD_Org_ID>0</AD_Org_ID>
            <AD_Form_ID reference="id"/>
            <AD_ImpFormat_ID reference="id"/>
            <AD_Menu_ID reference="id"/>
            <AD_Process_ID reference="id"/>
            <AD_Role_ID reference="id">0</AD_Role_ID>
            <AD_Window_ID reference="id"/>
            <AD_Workflow_ID reference="id"/>
            <IsActive>Y</IsActive>
            <File_Directory/>
            <FileName/>
            <Destination_FileName/>
            <Destination_Directory/>
            <Description/>
            <DBType>ALL</DBType>
            <Type>D</Type>
            <Target_Directory/>
            <SQLStatement>SELECT * FROM AD_Val_Rule WHERE AD_Val_Rule_UU='a921d46d-b2d9-4985-b716-d950abee1ed0'</SQLStatement>
            <ReleaseNo/>
            <Processing>N</Processing>
            <Processed>N</Processed>
            <Name2/>
            <Line>5</Line>
            <AD_Workbench_ID reference="id"/>
            <AD_Table_ID reference="id">108</AD_Table_ID>
            <AD_ReportView_ID reference="id"/>
            <AD_Package_Exp_ID reference="uuid" reference-key="AD_Package_Exp">e41cdb97-add4-4148-b7bf-d1f37c595b1c</AD_Package_Exp_ID>
            <AD_Package_Code_New/>
            <AD_Package_Code_Old/>
            <AD_Val_Rule_ID reference="id"/>
            <AD_Message_ID reference="id"/>
            <AD_PrintFormat_ID reference="id"/>
            <AD_Reference_ID reference="id"/>
            <AD_ModelValidator_ID reference="id"/>
            <AD_EntityType_ID reference="id"/>
            <AD_Package_Exp_Detail_UU>026a301c-9c4f-4ba6-b291-234807a52ff6</AD_Package_Exp_Detail_UU>
        </AD_Package_Exp_Detail>
        <AD_Package_Exp_Detail type="table">
            <AD_Client_ID>0</AD_Client_ID>
            <AD_Org_ID>0</AD_Org_ID>
            <AD_Form_ID reference="id"/>
            <AD_ImpFormat_ID reference="id"/>
            <AD_Menu_ID reference="id"/>
            <AD_Process_ID reference="id"/>
            <AD_Role_ID reference="id">0</AD_Role_ID>
            <AD_Window_ID reference="id"/>
            <AD_Workflow_ID reference="id"/>
            <IsActive>Y</IsActive>
            <File_Directory/>
            <FileName/>
            <Destination_FileName/>
            <Destination_Directory/>
            <Description/>
            <DBType>ALL</DBType>
            <Type>D</Type>
            <Target_Directory/>
            <SQLStatement>SELECT * FROM AD_InfoWindow WHERE AD_InfoWindow_UU='30a3f498-24bf-48fb-b441-27a121494091';AD_InfoColumn</SQLStatement>
            <ReleaseNo/>
            <Processing>N</Processing>
            <Processed>N</Processed>
            <Name2/>
            <Line>10</Line>
            <AD_Workbench_ID reference="id"/>
            <AD_Table_ID reference="id">895</AD_Table_ID>
            <AD_ReportView_ID reference="id"/>
            <AD_Package_Exp_ID reference="uuid" reference-key="AD_Package_Exp">e41cdb97-add4-4148-b7bf-d1f37c595b1c</AD_Package_Exp_ID>
            <AD_Package_Code_New/>
            <AD_Package_Code_Old/>
            <AD_Val_Rule_ID reference="id"/>
            <AD_Message_ID reference="id"/>
            <AD_PrintFormat_ID reference="id"/>
            <AD_Reference_ID reference="id"/>
            <AD_ModelValidator_ID reference="id"/>
            <AD_EntityType_ID reference="id"/>
            <AD_Package_Exp_Detail_UU>535188fe-0038-47e9-8cc3-799135995092</AD_Package_Exp_Detail_UU>
        </AD_Package_Exp_Detail>
    </AD_Package_Exp>
</idempiere>
