<?xml version="1.0" encoding="UTF-8"?><?xml-stylesheet type="text/css" href="idempiereDocument.css"?><idempiereDocument>
    <header>BH_ReceiveGoods Package Description</header>
    <H1>Package Name:</H1>
    <packagename>BH_ReceiveGoods</packagename>
    <H1>Author:</H1>
    <Name:/>
    <H1>Email Address:</H1>
    <Email/>
    <H1>Created:</H1>
    <Date>2018-06-12 11:16:03.809</Date>
    <H1>Updated:</H1>
    <Date>2020-03-11 15:33:56.896</Date>
    <H1>Description:</H1>
    <description>Use: Manage how products are received from suppliers and recorded in inventory.

Commit Change(s):
Add customization to labels on Receive Goods window Product Line subtab, that is price per each and total product cost</description>
    <H1>Instructions:</H1>
    <instructions/>
    <H1>Files in Package:</H1>
    <file>File: PackOut.xml</file>
    <filedirectory>Directory: \dict\</filedirectory>
    <filenotes>Notes: Contains all application/object settings for package</filenotes>
    <H1>Client:</H1>
    <Client>0-SYSTEM-System</Client>
</idempiereDocument>
