<?xml version="1.0" encoding="UTF-8"?><idempiere Name="BH_TermsOfService" Version="2.0.0.0" idempiereVersion="" DataBaseVersion="" Description="Add BH_TOS_DATE_ACCEPTED column" Author="" AuthorEmail="" CreatedDate="2018-11-01 02:24:39.415" UpdatedDate="2019-01-31 05:22:37.793" PackOutVersion="100" UpdateDictionary="false" Client="0-SYSTEM-System" AD_Client_UU="11237b53-9592-4af1-b3c5-afd216514b5d">
    <AD_Element type="table">
        <AD_Element_ID>53676</AD_Element_ID>
        <AD_Client_ID>0</AD_Client_ID>
        <AD_Org_ID>0</AD_Org_ID>
        <AD_Element_ID>53676</AD_Element_ID>
        <IsActive>Y</IsActive>
        <ColumnName>IsInPayroll</ColumnName>
        <Name>Is In Payroll</Name>
        <Description>Defined if any User Contact will be used for Calculate Payroll</Description>
        <Help/>
        <PrintName>Is In Payroll</PrintName>
        <PO_Description/>
        <PO_Help/>
        <PO_Name/>
        <PO_PrintName/>
        <EntityType>EE02</EntityType>
        <AD_Element_UU>b1390e25-49f6-4ff3-b79d-05d7fef09d87</AD_Element_UU>
        <AD_Element_Trl type="translation">
            <Help/>
            <PO_Description/>
            <PO_Help/>
            <Name>Está en Nómina</Name>
            <Description>Define si un usuario será utilizado para calculo de nómina</Description>
            <PrintName>Está en Nómina</PrintName>
            <PO_Name/>
            <PO_PrintName/>
            <AD_Language>es_CO</AD_Language>
            <IsActive>Y</IsActive>
            <IsTranslated>Y</IsTranslated>
        </AD_Element_Trl>
    </AD_Element>
    <AD_Column type="table">
        <AD_Column_ID>56294</AD_Column_ID>
        <IsSyncDatabase>Y</IsSyncDatabase>
        <AD_Table_ID reference="id">114</AD_Table_ID>
        <AD_Reference_Value_ID reference="id"/>
        <AD_Client_ID>0</AD_Client_ID>
        <AD_Org_ID>0</AD_Org_ID>
        <AD_Column_ID>56294</AD_Column_ID>
        <Version>0</Version>
        <Name>Is In Payroll</Name>
        <Description>Defined if any User Contact will be used for Calculate Payroll</Description>
        <Help/>
        <AD_Val_Rule_ID reference="id"/>
        <ColumnName>IsInPayroll</ColumnName>
        <DefaultValue>N</DefaultValue>
        <FieldLength>1</FieldLength>
        <IsKey>N</IsKey>
        <IsParent>N</IsParent>
        <IsMandatory>Y</IsMandatory>
        <IsTranslated>N</IsTranslated>
        <IsIdentifier>N</IsIdentifier>
        <SeqNo>0</SeqNo>
        <IsEncrypted>N</IsEncrypted>
        <AD_Reference_ID reference="id">20</AD_Reference_ID>
        <IsActive>Y</IsActive>
        <VFormat/>
        <Callout/>
        <AD_Element_ID reference="id">53676</AD_Element_ID>
        <IsUpdateable>Y</IsUpdateable>
        <AD_Process_ID reference="id"/>
        <ValueMin/>
        <ValueMax/>
        <IsSelectionColumn>N</IsSelectionColumn>
        <ReadOnlyLogic/>
        <EntityType>EE02</EntityType>
        <IsAlwaysUpdateable>N</IsAlwaysUpdateable>
        <ColumnSQL/>
        <MandatoryLogic/>
        <IsAutocomplete>N</IsAutocomplete>
        <IsAllowLogging>Y</IsAllowLogging>
        <FormatPattern/>
        <AD_Chart_ID reference="id"/>
        <AD_Column_UU>779ec08e-e7f7-4303-9418-94f1d0a0305f</AD_Column_UU>
        <IsAllowCopy>Y</IsAllowCopy>
        <SeqNoSelection/>
        <IsToolbarButton>N</IsToolbarButton>
        <IsSecure>N</IsSecure>
        <FKConstraintName/>
        <FKConstraintType/>
        <PA_DashboardContent_ID reference="id"/>
    </AD_Column>
    <AD_Element type="table">
        <AD_Client_ID>0</AD_Client_ID>
        <AD_Org_ID>0</AD_Org_ID>
        <IsActive>Y</IsActive>
        <ColumnName>bandahealth_bpartners</ColumnName>
        <Name>bandahealth_bpartners</Name>
        <Description/>
        <Help/>
        <PrintName>bandahealth_bpartners</PrintName>
        <PO_Description/>
        <PO_Help/>
        <PO_Name/>
        <PO_PrintName/>
        <EntityType>U</EntityType>
        <AD_Element_UU>7bec674c-a6fd-4f1f-ab33-b90fe0064db7</AD_Element_UU>
        <AD_Element_Trl type="translation">
            <Help/>
            <PO_Description/>
            <PO_Help/>
            <Name>bandahealth_bpartners</Name>
            <Description/>
            <PrintName>bandahealth_bpartners</PrintName>
            <PO_Name/>
            <PO_PrintName/>
            <AD_Language>es_CO</AD_Language>
            <IsActive>Y</IsActive>
            <IsTranslated>N</IsTranslated>
        </AD_Element_Trl>
    </AD_Element>
    <AD_Column type="table">
        <IsSyncDatabase>Y</IsSyncDatabase>
        <AD_Table_ID reference="id">114</AD_Table_ID>
        <AD_Reference_Value_ID reference="id"/>
        <AD_Client_ID>0</AD_Client_ID>
        <AD_Org_ID>0</AD_Org_ID>
        <Version>0.0</Version>
        <Name>bandahealth_bpartners</Name>
        <Description/>
        <Help/>
        <AD_Val_Rule_ID reference="id"/>
        <ColumnName>bandahealth_bpartners</ColumnName>
        <DefaultValue/>
        <FieldLength>36</FieldLength>
        <IsKey>N</IsKey>
        <IsParent>N</IsParent>
        <IsMandatory>N</IsMandatory>
        <IsTranslated>N</IsTranslated>
        <IsIdentifier>N</IsIdentifier>
        <SeqNo/>
        <IsEncrypted>N</IsEncrypted>
        <AD_Reference_ID reference="id">10</AD_Reference_ID>
        <IsActive>Y</IsActive>
        <VFormat/>
        <Callout/>
        <AD_Element_ID reference="uuid" reference-key="AD_Element">7bec674c-a6fd-4f1f-ab33-b90fe0064db7</AD_Element_ID>
        <IsUpdateable>Y</IsUpdateable>
        <AD_Process_ID reference="id"/>
        <ValueMin/>
        <ValueMax/>
        <IsSelectionColumn>N</IsSelectionColumn>
        <ReadOnlyLogic/>
        <EntityType>U</EntityType>
        <IsAlwaysUpdateable>N</IsAlwaysUpdateable>
        <ColumnSQL/>
        <MandatoryLogic/>
        <IsAutocomplete>N</IsAutocomplete>
        <IsAllowLogging>Y</IsAllowLogging>
        <FormatPattern/>
        <AD_Chart_ID reference="id"/>
        <AD_Column_UU>6709aa10-f347-451e-9824-c09f29082bb3</AD_Column_UU>
        <IsAllowCopy>Y</IsAllowCopy>
        <SeqNoSelection/>
        <IsToolbarButton>N</IsToolbarButton>
        <IsSecure>N</IsSecure>
        <FKConstraintName/>
        <FKConstraintType>N</FKConstraintType>
        <PA_DashboardContent_ID reference="id"/>
    </AD_Column>
    <AD_Element type="table">
        <AD_Client_ID>0</AD_Client_ID>
        <AD_Org_ID>0</AD_Org_ID>
        <IsActive>Y</IsActive>
        <ColumnName>BH_HasAcceptedTermsOfUse</ColumnName>
        <Name>HasAcceptedTermsOfUse</Name>
        <Description/>
        <Help/>
        <PrintName>Has Accepted Terms Of Use</PrintName>
        <PO_Description/>
        <PO_Help/>
        <PO_Name/>
        <PO_PrintName/>
        <EntityType>U</EntityType>
        <AD_Element_UU>78b3ffd0-e630-4ca9-92c2-91a5316da379</AD_Element_UU>
        <AD_Element_Trl type="translation">
            <Help/>
            <PO_Description/>
            <PO_Help/>
            <Name>HasAcceptedTermsOfUse</Name>
            <Description/>
            <PrintName>Has Accepted Terms Of Use</PrintName>
            <PO_Name/>
            <PO_PrintName/>
            <AD_Language>es_CO</AD_Language>
            <IsActive>Y</IsActive>
            <IsTranslated>N</IsTranslated>
        </AD_Element_Trl>
    </AD_Element>
    <AD_Column type="table">
        <IsSyncDatabase>Y</IsSyncDatabase>
        <AD_Table_ID reference="id">114</AD_Table_ID>
        <AD_Reference_Value_ID reference="id"/>
        <AD_Client_ID>0</AD_Client_ID>
        <AD_Org_ID>0</AD_Org_ID>
        <Version>0</Version>
        <Name>HasAcceptedTermsOfUse</Name>
        <Description/>
        <Help/>
        <AD_Val_Rule_ID reference="id"/>
        <ColumnName>BH_HasAcceptedTermsOfUse</ColumnName>
        <DefaultValue>'N'</DefaultValue>
        <FieldLength>1</FieldLength>
        <IsKey>N</IsKey>
        <IsParent>N</IsParent>
        <IsMandatory>Y</IsMandatory>
        <IsTranslated>N</IsTranslated>
        <IsIdentifier>N</IsIdentifier>
        <SeqNo>0</SeqNo>
        <IsEncrypted>N</IsEncrypted>
        <AD_Reference_ID reference="id">20</AD_Reference_ID>
        <IsActive>Y</IsActive>
        <VFormat/>
        <Callout/>
        <AD_Element_ID reference="uuid" reference-key="AD_Element">78b3ffd0-e630-4ca9-92c2-91a5316da379</AD_Element_ID>
        <IsUpdateable>Y</IsUpdateable>
        <AD_Process_ID reference="id"/>
        <ValueMin/>
        <ValueMax/>
        <IsSelectionColumn>N</IsSelectionColumn>
        <ReadOnlyLogic/>
        <EntityType>U</EntityType>
        <IsAlwaysUpdateable>N</IsAlwaysUpdateable>
        <ColumnSQL/>
        <MandatoryLogic/>
        <IsAutocomplete>N</IsAutocomplete>
        <IsAllowLogging>Y</IsAllowLogging>
        <FormatPattern/>
        <AD_Chart_ID reference="id"/>
        <AD_Column_UU>55b21ded-9387-4bc1-9bdf-f3a2823a9648</AD_Column_UU>
        <IsAllowCopy>N</IsAllowCopy>
        <SeqNoSelection>0</SeqNoSelection>
        <IsToolbarButton>N</IsToolbarButton>
        <IsSecure>N</IsSecure>
        <FKConstraintName/>
        <FKConstraintType>N</FKConstraintType>
        <PA_DashboardContent_ID reference="id"/>
    </AD_Column>
    <AD_Element type="table">
        <AD_Client_ID>0</AD_Client_ID>
        <AD_Org_ID>0</AD_Org_ID>
        <IsActive>Y</IsActive>
        <ColumnName>BH_TOS_DATE_ACCEPTED</ColumnName>
        <Name>BH_TOS_DATE_ACCEPTED</Name>
        <Description/>
        <Help/>
        <PrintName>TOS DATE ACCEPTED</PrintName>
        <PO_Description/>
        <PO_Help/>
        <PO_Name/>
        <PO_PrintName/>
        <EntityType>U</EntityType>
        <AD_Element_UU>6219b9e4-af9e-4ad1-907f-828a9948ce3a</AD_Element_UU>
        <AD_Element_Trl type="translation">
            <Help/>
            <PO_Description/>
            <PO_Help/>
            <Name>bh_date_tos_accepted</Name>
            <Description/>
            <PrintName>Date TOS Accepted</PrintName>
            <PO_Name/>
            <PO_PrintName/>
            <AD_Language>es_CO</AD_Language>
            <IsActive>Y</IsActive>
            <IsTranslated>N</IsTranslated>
        </AD_Element_Trl>
    </AD_Element>
    <AD_Column type="table">
        <IsSyncDatabase>Y</IsSyncDatabase>
        <AD_Table_ID reference="id">114</AD_Table_ID>
        <AD_Reference_Value_ID reference="id"/>
        <AD_Client_ID>0</AD_Client_ID>
        <AD_Org_ID>0</AD_Org_ID>
        <Version>0</Version>
        <Name>BH_TOS_DATE_ACCEPTED</Name>
        <Description/>
        <Help/>
        <AD_Val_Rule_ID reference="id"/>
        <ColumnName>BH_TOS_DATE_ACCEPTED</ColumnName>
        <DefaultValue/>
        <FieldLength>7</FieldLength>
        <IsKey>N</IsKey>
        <IsParent>N</IsParent>
        <IsMandatory>N</IsMandatory>
        <IsTranslated>N</IsTranslated>
        <IsIdentifier>N</IsIdentifier>
        <SeqNo>0</SeqNo>
        <IsEncrypted>N</IsEncrypted>
        <AD_Reference_ID reference="id">16</AD_Reference_ID>
        <IsActive>Y</IsActive>
        <VFormat/>
        <Callout/>
        <AD_Element_ID reference="uuid" reference-key="AD_Element">6219b9e4-af9e-4ad1-907f-828a9948ce3a</AD_Element_ID>
        <IsUpdateable>Y</IsUpdateable>
        <AD_Process_ID reference="id"/>
        <ValueMin/>
        <ValueMax/>
        <IsSelectionColumn>N</IsSelectionColumn>
        <ReadOnlyLogic/>
        <EntityType>U</EntityType>
        <IsAlwaysUpdateable>N</IsAlwaysUpdateable>
        <ColumnSQL/>
        <MandatoryLogic/>
        <IsAutocomplete>N</IsAutocomplete>
        <IsAllowLogging>Y</IsAllowLogging>
        <FormatPattern/>
        <AD_Chart_ID reference="id"/>
        <AD_Column_UU>4a64da3e-0888-4ef2-b148-85c118431674</AD_Column_UU>
        <IsAllowCopy>Y</IsAllowCopy>
        <SeqNoSelection>0</SeqNoSelection>
        <IsToolbarButton>N</IsToolbarButton>
        <IsSecure>N</IsSecure>
        <FKConstraintName/>
        <FKConstraintType>N</FKConstraintType>
        <PA_DashboardContent_ID reference="id"/>
    </AD_Column>
    <AD_TableIndex type="table">
        <AD_TableIndex_ID>200246</AD_TableIndex_ID>
        <AD_Client_ID>0</AD_Client_ID>
        <AD_Org_ID>0</AD_Org_ID>
        <AD_TableIndex_ID>200246</AD_TableIndex_ID>
        <AD_TableIndex_UU>d811197d-4cc4-45aa-88b1-19fe8ccc5a4d</AD_TableIndex_UU>
        <Description/>
        <EntityType>D</EntityType>
        <IsActive>Y</IsActive>
        <Name>ad_user_uu_idx</Name>
        <AD_Table_ID reference="id">114</AD_Table_ID>
        <Help/>
        <IsCreateConstraint>N</IsCreateConstraint>
        <IsUnique>Y</IsUnique>
        <Processing>N</Processing>
        <AD_Message_ID reference="id"/>
        <TableIndexDrop/>
        <IsKey>N</IsKey>
        <AD_IndexColumn type="table">
            <AD_IndexColumn_ID>200277</AD_IndexColumn_ID>
            <AD_Client_ID>0</AD_Client_ID>
            <AD_Org_ID>0</AD_Org_ID>
            <AD_IndexColumn_ID>200277</AD_IndexColumn_ID>
            <AD_IndexColumn_UU>73c3b85c-e29e-4e57-98c2-9be1cb6008d1</AD_IndexColumn_UU>
            <EntityType>D</EntityType>
            <IsActive>Y</IsActive>
            <AD_Column_ID reference="id">60528</AD_Column_ID>
            <AD_TableIndex_ID reference="id">200246</AD_TableIndex_ID>
            <ColumnSQL/>
            <SeqNo>1</SeqNo>
        </AD_IndexColumn>
    </AD_TableIndex>
    <AD_TableIndex type="table">
        <AD_TableIndex_ID>200247</AD_TableIndex_ID>
        <AD_Client_ID>0</AD_Client_ID>
        <AD_Org_ID>0</AD_Org_ID>
        <AD_TableIndex_ID>200247</AD_TableIndex_ID>
        <AD_TableIndex_UU>ce9cb525-181f-43c0-af75-afd37bdb329b</AD_TableIndex_UU>
        <Description/>
        <EntityType>D</EntityType>
        <IsActive>Y</IsActive>
        <Name>ad_user_email</Name>
        <AD_Table_ID reference="id">114</AD_Table_ID>
        <Help/>
        <IsCreateConstraint>N</IsCreateConstraint>
        <IsUnique>N</IsUnique>
        <Processing>N</Processing>
        <AD_Message_ID reference="id"/>
        <TableIndexDrop/>
        <IsKey>N</IsKey>
        <AD_IndexColumn type="table">
            <AD_IndexColumn_ID>200278</AD_IndexColumn_ID>
            <AD_Client_ID>0</AD_Client_ID>
            <AD_Org_ID>0</AD_Org_ID>
            <AD_IndexColumn_ID>200278</AD_IndexColumn_ID>
            <AD_IndexColumn_UU>ed85b21a-ff96-49a9-80e2-113cbf532aeb</AD_IndexColumn_UU>
            <EntityType>D</EntityType>
            <IsActive>Y</IsActive>
            <AD_Column_ID reference="id">5396</AD_Column_ID>
            <AD_TableIndex_ID reference="id">200247</AD_TableIndex_ID>
            <ColumnSQL/>
            <SeqNo>1</SeqNo>
        </AD_IndexColumn>
    </AD_TableIndex>
    <AD_Package_Exp type="table">
        <AD_Client_ID>0</AD_Client_ID>
        <AD_Org_ID>0</AD_Org_ID>
        <AD_Package_Type>X</AD_Package_Type>
        <EMail/>
        <Instructions/>
        <Name>BH_TermsOfService</Name>
        <Processed>N</Processed>
        <ReleaseNo/>
        <Version/>
        <UserName/>
        <Processing>N</Processing>
        <PK_Version>2.0.0.0</PK_Version>
        <IsActive>Y</IsActive>
        <File_Directory/>
        <Description>Add BH_TOS_DATE_ACCEPTED column</Description>
        <AD_Package_Exp_UU>661898ad-3674-49cc-9683-1fbc2bbe36c9</AD_Package_Exp_UU>
        <DateFrom/>
        <IsExportDictionaryEntity>N</IsExportDictionaryEntity>
        <AD_Package_Exp_Detail type="table">
            <AD_Client_ID>0</AD_Client_ID>
            <AD_Org_ID>0</AD_Org_ID>
            <AD_Form_ID reference="id"/>
            <AD_ImpFormat_ID reference="id"/>
            <AD_Menu_ID reference="id"/>
            <AD_Process_ID reference="id"/>
            <AD_Role_ID reference="id">0</AD_Role_ID>
            <AD_Window_ID reference="id"/>
            <AD_Workflow_ID reference="id"/>
            <IsActive>Y</IsActive>
            <File_Directory/>
            <FileName/>
            <Destination_FileName/>
            <Destination_Directory/>
            <Description/>
            <DBType>ALL</DBType>
            <Type>D</Type>
            <Target_Directory/>
            <SQLStatement>SELECT * FROM AD_Package_Exp WHERE AD_Package_Exp_UU = '661898ad-3674-49cc-9683-1fbc2bbe36c9'; AD_Package_Exp_Detail</SQLStatement>
            <ReleaseNo/>
            <Processing>N</Processing>
            <Processed>N</Processed>
            <Name2/>
            <Line>20</Line>
            <AD_Workbench_ID reference="id"/>
            <AD_Table_ID reference="id">50005</AD_Table_ID>
            <AD_ReportView_ID reference="id"/>
            <AD_Package_Exp_ID reference="uuid" reference-key="AD_Package_Exp">661898ad-3674-49cc-9683-1fbc2bbe36c9</AD_Package_Exp_ID>
            <AD_Package_Code_New/>
            <AD_Package_Code_Old/>
            <AD_Val_Rule_ID reference="id"/>
            <AD_Message_ID reference="id"/>
            <AD_PrintFormat_ID reference="id"/>
            <AD_Reference_ID reference="id"/>
            <AD_ModelValidator_ID reference="id"/>
            <AD_EntityType_ID reference="id"/>
            <AD_Package_Exp_Detail_UU>44110e8b-4ca3-4490-824b-7f2d512b4a1b</AD_Package_Exp_Detail_UU>
        </AD_Package_Exp_Detail>
        <AD_Package_Exp_Detail type="table">
            <AD_Client_ID>0</AD_Client_ID>
            <AD_Org_ID>0</AD_Org_ID>
            <AD_Form_ID reference="id"/>
            <AD_ImpFormat_ID reference="id"/>
            <AD_Menu_ID reference="id"/>
            <AD_Process_ID reference="id"/>
            <AD_Role_ID reference="id">0</AD_Role_ID>
            <AD_Window_ID reference="id"/>
            <AD_Workflow_ID reference="id"/>
            <IsActive>Y</IsActive>
            <File_Directory/>
            <FileName/>
            <Destination_FileName/>
            <Destination_Directory/>
            <Description/>
            <DBType>ALL</DBType>
            <Type>T</Type>
            <Target_Directory/>
            <SQLStatement/>
            <ReleaseNo/>
            <Processing>N</Processing>
            <Processed>N</Processed>
            <Name2/>
            <Line>10</Line>
            <AD_Workbench_ID reference="id"/>
            <AD_Table_ID reference="id">114</AD_Table_ID>
            <AD_ReportView_ID reference="id"/>
            <AD_Package_Exp_ID reference="uuid" reference-key="AD_Package_Exp">661898ad-3674-49cc-9683-1fbc2bbe36c9</AD_Package_Exp_ID>
            <AD_Package_Code_New/>
            <AD_Package_Code_Old/>
            <AD_Val_Rule_ID reference="id"/>
            <AD_Message_ID reference="id"/>
            <AD_PrintFormat_ID reference="id"/>
            <AD_Reference_ID reference="id"/>
            <AD_ModelValidator_ID reference="id"/>
            <AD_EntityType_ID reference="id"/>
            <AD_Package_Exp_Detail_UU>bc3e4298-03c8-421c-87d6-4c52c0dbd2a8</AD_Package_Exp_Detail_UU>
        </AD_Package_Exp_Detail>
    </AD_Package_Exp>
</idempiere>
