<?xml version="1.0" encoding="UTF-8"?><?xml-stylesheet type="text/css" href="idempiereDocument.css"?><idempiereDocument>
    <header>BH_DashboardButtons Package Description</header>
    <H1>Package Name:</H1>
    <packagename>BH_DashboardButtons</packagename>
    <H1>Author:</H1>
    <Name:/>
    <H1>Email Address:</H1>
    <Email/>
    <H1>Created:</H1>
    <Date>2018-06-12 11:07:25.118</Date>
    <H1>Updated:</H1>
    <Date>2020-08-20 12:52:10.472</Date>
    <H1>Description:</H1>
    <description>10.0.9 &gt; Updated URLs to be correct for new screens
Contains dashboard menus and menu items                                                                                                                                                                                                                                                                                                  + Update Home Screen menu names and urls to work in Greenlight.             </description>
    <H1>Instructions:</H1>
    <instructions/>
    <H1>Files in Package:</H1>
    <file>File: PackOut.xml</file>
    <filedirectory>Directory: \dict\</filedirectory>
    <filenotes>Notes: Contains all application/object settings for package</filenotes>
    <H1>Client:</H1>
    <Client>0-SYSTEM-System</Client>
</idempiereDocument>
