<?xml version="1.0" encoding="UTF-8"?><idempiere Name="BH_PatientBilling" Version="10.0.22.0" idempiereVersion="" DataBaseVersion="" Description="Use: Manage the billing process for patients&#10;&#10;Commit Change(s):&#10; + Add BH_Clinician_User_ID field" Author="" AuthorEmail="" CreatedDate="2018-06-12 11:17:26.829" UpdatedDate="2021-01-22 12:28:14.051" PackOutVersion="100" UpdateDictionary="true" Client="0-SYSTEM-System" AD_Client_UU="11237b53-9592-4af1-b3c5-afd216514b5d">
    <AD_Menu type="table">
        <SeqNo>16</SeqNo>
        <AD_Client_ID>0</AD_Client_ID>
        <AD_Org_ID>0</AD_Org_ID>
        <Name>Patient Bill</Name>
        <Description>Enter and change sales orders</Description>
        <Action>W</Action>
        <AD_Window_ID reference="uuid" reference-key="AD_Window">a1f3e45c-4a6f-4c05-af26-517b8e9cbb77</AD_Window_ID>
        <AD_Workflow_ID reference="id"/>
        <AD_Task_ID reference="id"/>
        <IsActive>Y</IsActive>
        <IsSummary>N</IsSummary>
        <AD_Process_ID reference="id"/>
        <IsSOTrx>Y</IsSOTrx>
        <AD_Form_ID reference="id"/>
        <IsReadOnly>N</IsReadOnly>
        <EntityType>U</EntityType>
        <IsCentrallyMaintained>Y</IsCentrallyMaintained>
        <AD_Menu_UU>9b253f4b-0e48-4caa-b88f-9850e138a00c</AD_Menu_UU>
        <AD_InfoWindow_ID reference="id"/>
        <AD_Menu_Trl type="translation">
            <Name>BH Sales Order</Name>
            <Description>Enter and change sales orders</Description>
            <AD_Language>zh_CN</AD_Language>
            <IsActive>Y</IsActive>
            <IsTranslated>N</IsTranslated>
        </AD_Menu_Trl>
        <AD_Element type="table">
            <AD_Client_ID>0</AD_Client_ID>
            <AD_Org_ID>0</AD_Org_ID>
            <IsActive>Y</IsActive>
            <ColumnName>BH_Clinician_User_ID</ColumnName>
            <Name>BH_Clinician_User_ID</Name>
            <Description>BH_Clinician_User_ID</Description>
            <Help/>
            <PrintName>Clinician_User_ID</PrintName>
            <PO_Description/>
            <PO_Help/>
            <PO_Name/>
            <PO_PrintName/>
            <EntityType>U</EntityType>
            <AD_Element_UU>0dc58523-c362-4ab5-894c-53c95a60f75a</AD_Element_UU>
            <Placeholder/>
            <AD_Element_Trl type="translation">
                <Help/>
                <PO_Description/>
                <PO_Help/>
                <Name>BH_Clinician_User_ID</Name>
                <Description>BH_Clinician_User_ID</Description>
                <PrintName>Clinician_User_ID</PrintName>
                <PO_Name/>
                <PO_PrintName/>
                <Placeholder/>
                <AD_Language>zh_CN</AD_Language>
                <IsActive>Y</IsActive>
                <IsTranslated>N</IsTranslated>
            </AD_Element_Trl>
        </AD_Element>
        <AD_Column type="table">
            <IsSyncDatabase>Y</IsSyncDatabase>
            <AD_Table_ID reference="id">259</AD_Table_ID>
            <AD_Reference_Value_ID reference="id"/>
            <AD_Client_ID>0</AD_Client_ID>
            <AD_Org_ID>0</AD_Org_ID>
            <Version>0</Version>
            <Name>BH_Clinician_User_ID</Name>
            <Description>BH_Clinician_User_ID</Description>
            <Help/>
            <AD_Val_Rule_ID reference="id"/>
            <ColumnName>BH_Clinician_User_ID</ColumnName>
            <DefaultValue/>
            <FieldLength>100</FieldLength>
            <IsKey>N</IsKey>
            <IsParent>N</IsParent>
            <IsMandatory>N</IsMandatory>
            <IsTranslated>N</IsTranslated>
            <IsIdentifier>N</IsIdentifier>
            <SeqNo>0</SeqNo>
            <IsEncrypted>N</IsEncrypted>
            <AD_Reference_ID reference="id">13</AD_Reference_ID>
            <IsActive>Y</IsActive>
            <VFormat/>
            <Callout/>
            <AD_Element_ID reference="uuid" reference-key="AD_Element">0dc58523-c362-4ab5-894c-53c95a60f75a</AD_Element_ID>
            <IsUpdateable>Y</IsUpdateable>
            <AD_Process_ID reference="id"/>
            <ValueMin/>
            <ValueMax/>
            <IsSelectionColumn>N</IsSelectionColumn>
            <ReadOnlyLogic/>
            <EntityType>U</EntityType>
            <IsAlwaysUpdateable>N</IsAlwaysUpdateable>
            <ColumnSQL/>
            <MandatoryLogic/>
            <IsAutocomplete>N</IsAutocomplete>
            <IsAllowLogging>Y</IsAllowLogging>
            <FormatPattern/>
            <AD_Chart_ID reference="id"/>
            <AD_Column_UU>96ed6763-3a31-4cd3-bdb7-19df7443a13f</AD_Column_UU>
            <IsAllowCopy>Y</IsAllowCopy>
            <SeqNoSelection>0</SeqNoSelection>
            <IsToolbarButton>N</IsToolbarButton>
            <IsSecure>N</IsSecure>
            <FKConstraintName/>
            <FKConstraintType>N</FKConstraintType>
            <PA_DashboardContent_ID reference="id"/>
            <Placeholder/>
            <IsHtml>N</IsHtml>
        </AD_Column>
    </AD_Menu>
    <AD_Package_Exp type="table">
        <AD_Client_ID>0</AD_Client_ID>
        <AD_Org_ID>0</AD_Org_ID>
        <AD_Package_Type>X</AD_Package_Type>
        <EMail/>
        <Instructions/>
        <Name>BH_PatientBilling</Name>
        <Processed>N</Processed>
        <ReleaseNo/>
        <Version/>
        <UserName/>
        <Processing>N</Processing>
        <PK_Version>10.0.22.0</PK_Version>
        <IsActive>Y</IsActive>
        <File_Directory/>
        <Description>Use: Manage the billing process for patients

Commit Change(s):
 + Add BH_Clinician_User_ID field</Description>
        <AD_Package_Exp_UU>5cd83e79-cba3-434b-932e-47beda59186b</AD_Package_Exp_UU>
        <DateFrom>2021-01-22 00:00:00.0</DateFrom>
        <IsExportDictionaryEntity>Y</IsExportDictionaryEntity>
    </AD_Package_Exp>
</idempiere>
