<?xml version="1.0" encoding="UTF-8"?><idempiere Name="Open Balance Report" Version="1.0.0" idempiereVersion="" DataBaseVersion="" Description="" Author="" AuthorEmail="" CreatedDate="2021-06-29 14:26:26.454" UpdatedDate="2021-06-29 14:31:04.522" PackOutVersion="100" UpdateDictionary="false" Client="0-SYSTEM-System" AD_Client_UU="11237b53-9592-4af1-b3c5-afd216514b5d">
    <AD_Process type="table">
        <AD_Client_ID>0</AD_Client_ID>
        <AD_Org_ID>0</AD_Org_ID>
        <IsActive>Y</IsActive>
        <Name>Open Balance List</Name>
        <Description/>
        <Help/>
        <ProcedureName/>
        <IsReport>Y</IsReport>
        <Value>BH Open Balance List</Value>
        <IsDirectPrint>N</IsDirectPrint>
        <AD_ReportView_ID reference="id"/>
        <Classname/>
        <AccessLevel>3</AccessLevel>
        <EntityType>U</EntityType>
        <Statistic_Count>0</Statistic_Count>
        <Statistic_Seconds>0</Statistic_Seconds>
        <AD_PrintFormat_ID reference="id"/>
        <WorkflowValue/>
        <AD_Workflow_ID reference="id"/>
        <IsBetaFunctionality>N</IsBetaFunctionality>
        <IsServerProcess>N</IsServerProcess>
        <ShowHelp>Y</ShowHelp>
        <JasperReport>OpeningBalanceReport.jasper</JasperReport>
        <AD_Form_ID reference="id"/>
        <CopyFromProcess>N</CopyFromProcess>
        <AD_Process_UU>b4f11e14-b9d8-4f6c-aa46-adfd77c4f773</AD_Process_UU>
        <AD_CtxHelp_ID reference="id"/>
        <ExecutionType/>
        <AllowMultipleExecution>P</AllowMultipleExecution>
        <AD_Process_Trl type="translation">
            <Description/>
            <Help/>
            <Name>Open Balance List</Name>
            <AD_Language>zh_CN</AD_Language>
            <IsActive>Y</IsActive>
            <IsTranslated>N</IsTranslated>
        </AD_Process_Trl>
        <AD_Process_Trl type="translation">
            <Description/>
            <Help/>
            <Name>Open Balance List</Name>
            <AD_Language>fr_FR</AD_Language>
            <IsActive>Y</IsActive>
            <IsTranslated>N</IsTranslated>
        </AD_Process_Trl>
    </AD_Process>
    <BH_DbrdBtnGrp_Btn type="table">
        <AD_Client_ID>0</AD_Client_ID>
        <AD_Org_ID>0</AD_Org_ID>
        <AD_InfoWindow_ID reference="id"/>
        <AD_Window_ID reference="id"/>
        <BH_DbrdBtnGrp_Btn_UU>a633c1db-234f-424c-97f3-1d8e1dddbd76</BH_DbrdBtnGrp_Btn_UU>
        <ButtonClassName>button app big</ButtonClassName>
        <ButtonHelpText/>
        <ButtonText/>
        <Description/>
        <IconClassName/>
        <IsActive>Y</IsActive>
        <LineNo>210</LineNo>
        <Name>Open Balance List</Name>
        <BH_DbrdBtnGrp_ID reference="uuid" reference-key="BH_DbrdBtnGrp">9b44ce0e-3113-4690-ad0b-92b95b34c741</BH_DbrdBtnGrp_ID>
        <AD_Process_ID reference="uuid" reference-key="AD_Process">b4f11e14-b9d8-4f6c-aa46-adfd77c4f773</AD_Process_ID>
        <AD_Form_ID reference="id"/>
        <Included_Role_ID reference="id"/>
        <BH_DbrdBtnGrp_Btn_Trl type="translation">
            <ButtonHelpText/>
            <ButtonText/>
            <Description/>
            <Name>Open Balance List</Name>
            <AD_Language>zh_CN</AD_Language>
            <IsActive>Y</IsActive>
            <IsTranslated>N</IsTranslated>
        </BH_DbrdBtnGrp_Btn_Trl>
        <BH_DbrdBtnGrp_Btn_Trl type="translation">
            <ButtonHelpText/>
            <ButtonText/>
            <Description/>
            <Name>Open Balance List</Name>
            <AD_Language>fr_FR</AD_Language>
            <IsActive>Y</IsActive>
            <IsTranslated>N</IsTranslated>
        </BH_DbrdBtnGrp_Btn_Trl>
    </BH_DbrdBtnGrp_Btn>
    <AD_Process_Access type="table">
        <AD_Client_ID>0</AD_Client_ID>
        <AD_Org_ID>0</AD_Org_ID>
        <IsActive>Y</IsActive>
        <IsReadWrite>Y</IsReadWrite>
        <AD_Process_ID reference="uuid" reference-key="AD_Process">b4f11e14-b9d8-4f6c-aa46-adfd77c4f773</AD_Process_ID>
        <AD_Role_ID reference="uuid" reference-key="AD_Role">93365778-a2d9-433b-b962-87fb150db4fa</AD_Role_ID>
        <AD_Process_Access_UU>2618c0ac-b4f3-4341-ada9-179640e24ed7</AD_Process_Access_UU>
    </AD_Process_Access>
    <AD_Process_Access type="table">
        <AD_Client_ID>0</AD_Client_ID>
        <AD_Org_ID>0</AD_Org_ID>
        <IsActive>Y</IsActive>
        <IsReadWrite>Y</IsReadWrite>
        <AD_Process_ID reference="uuid" reference-key="AD_Process">b4f11e14-b9d8-4f6c-aa46-adfd77c4f773</AD_Process_ID>
        <AD_Role_ID reference="uuid" reference-key="AD_Role">09eb7fc8-9cc5-44b0-9d14-15258a066038</AD_Role_ID>
        <AD_Process_Access_UU>085f5869-5ad0-42f5-90c0-609543b59944</AD_Process_Access_UU>
    </AD_Process_Access>
    <AD_Process_Access type="table">
        <AD_Client_ID>0</AD_Client_ID>
        <AD_Org_ID>0</AD_Org_ID>
        <IsActive>Y</IsActive>
        <IsReadWrite>Y</IsReadWrite>
        <AD_Process_ID reference="uuid" reference-key="AD_Process">b4f11e14-b9d8-4f6c-aa46-adfd77c4f773</AD_Process_ID>
        <AD_Role_ID reference="uuid" reference-key="AD_Role">461b31c5-cae2-449d-8a0c-7385b12f4685</AD_Role_ID>
        <AD_Process_Access_UU>42344a93-3c0d-4989-9aa4-9776701b976e</AD_Process_Access_UU>
    </AD_Process_Access>
</idempiere>
