<?xml version="1.0" encoding="UTF-8"?><?xml-stylesheet type="text/css" href="idempiereDocument.css"?><idempiereDocument>
    <header>BH_TabNavigationButtons Package Description</header>
    <H1>Package Name:</H1>
    <packagename>BH_TabNavigationButtons</packagename>
    <H1>Author:</H1>
    <Name:/>
    <H1>Email Address:</H1>
    <Email/>
    <H1>Created:</H1>
    <Date>2018-06-12 11:06:47.697</Date>
    <H1>Updated:</H1>
    <Date>2019-03-22 15:04:43.369</Date>
    <H1>Description:</H1>
    <description>Adds a UI component that hosts navigation buttons in BandaGo windows. These buttons provide for making transactions and navigation between different window tabs.
--------------------------------------------------------
Change(s):
</description>
    <H1>Instructions:</H1>
    <instructions/>
    <H1>Files in Package:</H1>
    <file>File: PackOut.xml</file>
    <filedirectory>Directory: \dict\</filedirectory>
    <filenotes>Notes: Contains all application/object settings for package</filenotes>
    <H1>Client:</H1>
    <Client>0-SYSTEM-System</Client>
</idempiereDocument>
