<?xml version="1.0" encoding="UTF-8"?><?xml-stylesheet type="text/css" href="idempiereDocument.css"?><idempiereDocument>
    <header>705 Report Name Update Package Description</header>
    <H1>Package Name:</H1>
    <packagename>705 Report Name Update</packagename>
    <H1>Author:</H1>
    <Name:/>
    <H1>Email Address:</H1>
    <Email/>
    <H1>Created:</H1>
    <Date>2021-09-20 10:04:51.9</Date>
    <H1>Updated:</H1>
    <Date>2021-09-20 10:08:47.038</Date>
    <H1>Description:</H1>
    <description>Updating the existing 705 reports to use new Jasper reports, then renaming one that has nothing to do with the 705.</description>
    <H1>Instructions:</H1>
    <instructions/>
    <H1>Files in Package:</H1>
    <file>File: PackOut.xml</file>
    <filedirectory>Directory: \dict\</filedirectory>
    <filenotes>Notes: Contains all application/object settings for package</filenotes>
    <H1>Client:</H1>
    <Client>0-SYSTEM-System</Client>
</idempiereDocument>
