<?xml version="1.0" encoding="UTF-8"?><?xml-stylesheet type="text/css" href="idempiereDocument.css"?><idempiereDocument>
    <header>Coded Diagnosis and Voided Reason Column Update Package Description</header>
    <H1>Package Name:</H1>
    <packagename>Coded Diagnosis and Voided Reason Column Update</packagename>
    <H1>Author:</H1>
    <Name:/>
    <H1>Email Address:</H1>
    <Email/>
    <H1>Created:</H1>
    <Date>2021-12-02 14:39:29.069</Date>
    <H1>Updated:</H1>
    <Date>2021-12-02 14:41:03.791</Date>
    <H1>Description:</H1>
    <description>This contains stuff for the c_order table: a new reference for the coded diagnosis columns, plus updating the system element name for the voided reason link.</description>
    <H1>Instructions:</H1>
    <instructions/>
    <H1>Files in Package:</H1>
    <file>File: PackOut.xml</file>
    <filedirectory>Directory: \dict\</filedirectory>
    <filenotes>Notes: Contains all application/object settings for package</filenotes>
    <H1>Client:</H1>
    <Client>0-SYSTEM-System</Client>
</idempiereDocument>
