<?xml version="1.0" encoding="UTF-8"?><idempiere Name="Voided Transactions Report" Version="1.0.0" idempiereVersion="" DataBaseVersion="" Description="" Author="" AuthorEmail="" CreatedDate="2021-09-10 05:46:03.698" UpdatedDate="2021-09-10 05:57:28.307" PackOutVersion="100" UpdateDictionary="false" Client="0-SYSTEM-System" AD_Client_UU="11237b53-9592-4af1-b3c5-afd216514b5d">
    <AD_Process type="table">
        <AD_Client_ID>0</AD_Client_ID>
        <AD_Org_ID>0</AD_Org_ID>
        <IsActive>Y</IsActive>
        <Name>Voided Transactions List</Name>
        <Description>Get a list of voided visit transactions for a definted period</Description>
        <Help/>
        <ProcedureName/>
        <IsReport>Y</IsReport>
        <Value>BH Voided Transactions List</Value>
        <IsDirectPrint>N</IsDirectPrint>
        <AD_ReportView_ID reference="id"/>
        <Classname/>
        <AccessLevel>3</AccessLevel>
        <EntityType>U</EntityType>
        <Statistic_Count>0</Statistic_Count>
        <Statistic_Seconds>0</Statistic_Seconds>
        <AD_PrintFormat_ID reference="id"/>
        <WorkflowValue/>
        <AD_Workflow_ID reference="id"/>
        <IsBetaFunctionality>N</IsBetaFunctionality>
        <IsServerProcess>N</IsServerProcess>
        <ShowHelp>Y</ShowHelp>
        <JasperReport>voided transactions.jasper</JasperReport>
        <AD_Form_ID reference="id"/>
        <CopyFromProcess>N</CopyFromProcess>
        <AD_Process_UU>20a623fb-e127-4c26-98d5-3604a6d100b2</AD_Process_UU>
        <AD_CtxHelp_ID reference="id"/>
        <ExecutionType/>
        <AllowMultipleExecution>P</AllowMultipleExecution>
        <AD_Process_Trl type="translation">
            <Description>Get a list of voided visit transactions for a definted period</Description>
            <Help/>
            <Name>Voided Transactions List</Name>
            <AD_Language>zh_CN</AD_Language>
            <IsActive>Y</IsActive>
            <IsTranslated>N</IsTranslated>
        </AD_Process_Trl>
        <AD_Process_Trl type="translation">
            <Description>Get a list of voided visit transactions for a definted period</Description>
            <Help/>
            <Name>Voided Transactions List</Name>
            <AD_Language>fr_FR</AD_Language>
            <IsActive>Y</IsActive>
            <IsTranslated>N</IsTranslated>
        </AD_Process_Trl>
        <AD_Process_Para type="table">
            <AD_Client_ID>0</AD_Client_ID>
            <AD_Org_ID>0</AD_Org_ID>
            <IsActive>Y</IsActive>
            <Name>Begin Date</Name>
            <Description/>
            <Help/>
            <AD_Process_ID reference="uuid" reference-key="AD_Process">20a623fb-e127-4c26-98d5-3604a6d100b2</AD_Process_ID>
            <SeqNo>10</SeqNo>
            <AD_Reference_ID reference="id">15</AD_Reference_ID>
            <AD_Reference_Value_ID reference="id"/>
            <IsRange>N</IsRange>
            <AD_Val_Rule_ID reference="id"/>
            <FieldLength>0</FieldLength>
            <IsMandatory>N</IsMandatory>
            <DefaultValue/>
            <VFormat/>
            <ValueMin/>
            <ValueMax/>
            <ColumnName>Begin Date</ColumnName>
            <DefaultValue2/>
            <IsCentrallyMaintained>N</IsCentrallyMaintained>
            <EntityType>U</EntityType>
            <AD_Element_ID reference="id"/>
            <ReadOnlyLogic/>
            <DisplayLogic/>
            <AD_Process_Para_UU>1b6a1b5a-b39c-40d5-ab8b-8ee030d6078e</AD_Process_Para_UU>
            <IsEncrypted>N</IsEncrypted>
            <MandatoryLogic/>
            <Placeholder/>
            <Placeholder2/>
            <IsAutocomplete>N</IsAutocomplete>
            <AD_Process_Para_Trl type="translation">
                <Description/>
                <Help/>
                <Name>Begin Date</Name>
                <Placeholder/>
                <Placeholder2/>
                <AD_Language>zh_CN</AD_Language>
                <IsActive>Y</IsActive>
                <IsTranslated>N</IsTranslated>
            </AD_Process_Para_Trl>
            <AD_Process_Para_Trl type="translation">
                <Description/>
                <Help/>
                <Name>Begin Date</Name>
                <Placeholder/>
                <Placeholder2/>
                <AD_Language>fr_FR</AD_Language>
                <IsActive>Y</IsActive>
                <IsTranslated>N</IsTranslated>
            </AD_Process_Para_Trl>
        </AD_Process_Para>
        <AD_Process_Para type="table">
            <AD_Client_ID>0</AD_Client_ID>
            <AD_Org_ID>0</AD_Org_ID>
            <IsActive>Y</IsActive>
            <Name>End Date</Name>
            <Description/>
            <Help/>
            <AD_Process_ID reference="uuid" reference-key="AD_Process">20a623fb-e127-4c26-98d5-3604a6d100b2</AD_Process_ID>
            <SeqNo>20</SeqNo>
            <AD_Reference_ID reference="id">15</AD_Reference_ID>
            <AD_Reference_Value_ID reference="id"/>
            <IsRange>N</IsRange>
            <AD_Val_Rule_ID reference="id"/>
            <FieldLength>0</FieldLength>
            <IsMandatory>N</IsMandatory>
            <DefaultValue/>
            <VFormat/>
            <ValueMin/>
            <ValueMax/>
            <ColumnName>End Date</ColumnName>
            <DefaultValue2/>
            <IsCentrallyMaintained>N</IsCentrallyMaintained>
            <EntityType>U</EntityType>
            <AD_Element_ID reference="id"/>
            <ReadOnlyLogic/>
            <DisplayLogic/>
            <AD_Process_Para_UU>debc8a5e-668c-4c60-a2e6-b03b9fe96d34</AD_Process_Para_UU>
            <IsEncrypted>N</IsEncrypted>
            <MandatoryLogic/>
            <Placeholder/>
            <Placeholder2/>
            <IsAutocomplete>N</IsAutocomplete>
            <AD_Process_Para_Trl type="translation">
                <Description/>
                <Help/>
                <Name>End Date</Name>
                <Placeholder/>
                <Placeholder2/>
                <AD_Language>zh_CN</AD_Language>
                <IsActive>Y</IsActive>
                <IsTranslated>N</IsTranslated>
            </AD_Process_Para_Trl>
            <AD_Process_Para_Trl type="translation">
                <Description/>
                <Help/>
                <Name>End Date</Name>
                <Placeholder/>
                <Placeholder2/>
                <AD_Language>fr_FR</AD_Language>
                <IsActive>Y</IsActive>
                <IsTranslated>N</IsTranslated>
            </AD_Process_Para_Trl>
        </AD_Process_Para>
    </AD_Process>
    <BH_DbrdBtnGrp_Btn type="table">
        <AD_Client_ID>0</AD_Client_ID>
        <AD_Org_ID>0</AD_Org_ID>
        <AD_InfoWindow_ID reference="id"/>
        <AD_Window_ID reference="id"/>
        <BH_DbrdBtnGrp_Btn_UU>8f7b1096-d4d5-44bc-b994-81a4c278f623</BH_DbrdBtnGrp_Btn_UU>
        <ButtonClassName>button app big</ButtonClassName>
        <ButtonHelpText/>
        <ButtonText/>
        <Description/>
        <IconClassName/>
        <IsActive>Y</IsActive>
        <LineNo>220</LineNo>
        <Name>Voided Transactions Report</Name>
        <BH_DbrdBtnGrp_ID reference="uuid" reference-key="BH_DbrdBtnGrp">9b44ce0e-3113-4690-ad0b-92b95b34c741</BH_DbrdBtnGrp_ID>
        <AD_Process_ID reference="uuid" reference-key="AD_Process">20a623fb-e127-4c26-98d5-3604a6d100b2</AD_Process_ID>
        <AD_Form_ID reference="id"/>
        <Included_Role_ID reference="id"/>
        <BH_DbrdBtnGrp_Btn_Trl type="translation">
            <ButtonHelpText/>
            <ButtonText/>
            <Description/>
            <Name>Voided Transactions Report</Name>
            <AD_Language>zh_CN</AD_Language>
            <IsActive>Y</IsActive>
            <IsTranslated>N</IsTranslated>
        </BH_DbrdBtnGrp_Btn_Trl>
        <BH_DbrdBtnGrp_Btn_Trl type="translation">
            <ButtonHelpText/>
            <ButtonText/>
            <Description/>
            <Name>Voided Transactions Report</Name>
            <AD_Language>fr_FR</AD_Language>
            <IsActive>Y</IsActive>
            <IsTranslated>N</IsTranslated>
        </BH_DbrdBtnGrp_Btn_Trl>
    </BH_DbrdBtnGrp_Btn>
    <AD_Process_Access type="table">
        <AD_Client_ID>0</AD_Client_ID>
        <AD_Org_ID>0</AD_Org_ID>
        <IsActive>Y</IsActive>
        <IsReadWrite>Y</IsReadWrite>
        <AD_Process_ID reference="uuid" reference-key="AD_Process">20a623fb-e127-4c26-98d5-3604a6d100b2</AD_Process_ID>
        <AD_Role_ID reference="uuid" reference-key="AD_Role">461b31c5-cae2-449d-8a0c-7385b12f4685</AD_Role_ID>
        <AD_Process_Access_UU>fa3a4427-d854-49ef-bfad-004d939bea6a</AD_Process_Access_UU>
    </AD_Process_Access>
</idempiere>
