<?xml version="1.0" encoding="UTF-8"?><idempiere Name="BH_InitialClientProcess_p2" Version="1.0.0" idempiereVersion="" DataBaseVersion="" Description="This pack-out contains everything data-wise pertaining to the Banda Health client initialization work, which extends what iDempiere already does. Structure is in a separate pack-out." Author="" AuthorEmail="" CreatedDate="2020-05-27 16:05:08.516" UpdatedDate="2020-05-27 16:05:08.516" PackOutVersion="100" UpdateDictionary="false" Client="0-SYSTEM-System" AD_Client_UU="11237b53-9592-4af1-b3c5-afd216514b5d">
    <AD_Package_Exp type="table">
        <AD_Client_ID>0</AD_Client_ID>
        <AD_Org_ID>0</AD_Org_ID>
        <AD_Package_Type>X</AD_Package_Type>
        <EMail/>
        <Instructions/>
        <Name>BH_InitialClientProcess_p2</Name>
        <Processed>N</Processed>
        <ReleaseNo/>
        <Version/>
        <UserName/>
        <Processing>N</Processing>
        <PK_Version>1.0.0</PK_Version>
        <IsActive>Y</IsActive>
        <File_Directory/>
        <Description>This pack-out contains everything data-wise pertaining to the Banda Health client initialization work, which extends what iDempiere already does. Structure is in a separate pack-out.</Description>
        <AD_Package_Exp_UU>e212bba4-8798-48f9-b905-aa82815c3d7c</AD_Package_Exp_UU>
        <DateFrom/>
        <IsExportDictionaryEntity>N</IsExportDictionaryEntity>
        <AD_Package_Exp_Detail type="table">
            <AD_Client_ID>0</AD_Client_ID>
            <AD_Org_ID>0</AD_Org_ID>
            <AD_Form_ID reference="id"/>
            <AD_ImpFormat_ID reference="id"/>
            <AD_Menu_ID reference="id"/>
            <AD_Process_ID reference="id"/>
            <AD_Role_ID reference="id">0</AD_Role_ID>
            <AD_Window_ID reference="id"/>
            <AD_Workflow_ID reference="id"/>
            <IsActive>Y</IsActive>
            <File_Directory/>
            <FileName/>
            <Destination_FileName/>
            <Destination_Directory/>
            <Description/>
            <DBType>ALL</DBType>
            <Type>D</Type>
            <Target_Directory/>
            <SQLStatement>SELECT * FROM BH_Product_CategoryDefault WHERE BH_Product_CategoryDefault_UU IN ('0470e47a-7d43-4c94-85aa-fa15c72643f0','fb7ab6e2-5ba6-4a5f-9469-96dd77315aaf','1e73c871-4419-4693-972d-653657ad9577','745ba779-b8ac-449f-9a24-ceab140b5ea1','41cb6077-5ae0-4d43-be6a-33be395734b6')</SQLStatement>
            <ReleaseNo/>
            <Processing>N</Processing>
            <Processed>N</Processed>
            <Name2/>
            <Line>30</Line>
            <AD_Workbench_ID reference="id"/>
            <AD_Table_ID reference="uuid" reference-key="AD_Table">3aff7c11-c7ec-4788-bbfd-687a0e53dfff</AD_Table_ID>
            <AD_ReportView_ID reference="id"/>
            <AD_Package_Exp_ID reference="uuid" reference-key="AD_Package_Exp">e212bba4-8798-48f9-b905-aa82815c3d7c</AD_Package_Exp_ID>
            <AD_Package_Code_New/>
            <AD_Package_Code_Old/>
            <AD_Val_Rule_ID reference="id"/>
            <AD_Message_ID reference="id"/>
            <AD_PrintFormat_ID reference="id"/>
            <AD_Reference_ID reference="id"/>
            <AD_ModelValidator_ID reference="id"/>
            <AD_EntityType_ID reference="id"/>
            <AD_Package_Exp_Detail_UU>449ce50b-6c0e-4f8e-8b84-50284e12c524</AD_Package_Exp_Detail_UU>
            <AD_InfoWindow_ID reference="id">200000</AD_InfoWindow_ID>
        </AD_Package_Exp_Detail>
        <AD_Package_Exp_Detail type="table">
            <AD_Client_ID>0</AD_Client_ID>
            <AD_Org_ID>0</AD_Org_ID>
            <AD_Form_ID reference="id"/>
            <AD_ImpFormat_ID reference="id"/>
            <AD_Menu_ID reference="id"/>
            <AD_Process_ID reference="id"/>
            <AD_Role_ID reference="id">0</AD_Role_ID>
            <AD_Window_ID reference="id"/>
            <AD_Workflow_ID reference="id"/>
            <IsActive>Y</IsActive>
            <File_Directory/>
            <FileName/>
            <Destination_FileName/>
            <Destination_Directory/>
            <Description/>
            <DBType>ALL</DBType>
            <Type>D</Type>
            <Target_Directory/>
            <SQLStatement>SELECT * FROM AD_Package_Exp WHERE AD_Package_Exp_UU='e212bba4-8798-48f9-b905-aa82815c3d7c';AD_Package_Exp_Detail</SQLStatement>
            <ReleaseNo/>
            <Processing>N</Processing>
            <Processed>N</Processed>
            <Name2/>
            <Line>10</Line>
            <AD_Workbench_ID reference="id"/>
            <AD_Table_ID reference="id">50005</AD_Table_ID>
            <AD_ReportView_ID reference="id"/>
            <AD_Package_Exp_ID reference="uuid" reference-key="AD_Package_Exp">e212bba4-8798-48f9-b905-aa82815c3d7c</AD_Package_Exp_ID>
            <AD_Package_Code_New/>
            <AD_Package_Code_Old/>
            <AD_Val_Rule_ID reference="id"/>
            <AD_Message_ID reference="id"/>
            <AD_PrintFormat_ID reference="id"/>
            <AD_Reference_ID reference="id"/>
            <AD_ModelValidator_ID reference="id"/>
            <AD_EntityType_ID reference="id"/>
            <AD_Package_Exp_Detail_UU>49187a01-b7a3-4cda-a9da-0479b808fc1a</AD_Package_Exp_Detail_UU>
            <AD_InfoWindow_ID reference="id">200000</AD_InfoWindow_ID>
        </AD_Package_Exp_Detail>
        <AD_Package_Exp_Detail type="table">
            <AD_Client_ID>0</AD_Client_ID>
            <AD_Org_ID>0</AD_Org_ID>
            <AD_Form_ID reference="id"/>
            <AD_ImpFormat_ID reference="id"/>
            <AD_Menu_ID reference="id"/>
            <AD_Process_ID reference="id"/>
            <AD_Role_ID reference="id">0</AD_Role_ID>
            <AD_Window_ID reference="id"/>
            <AD_Workflow_ID reference="id"/>
            <IsActive>Y</IsActive>
            <File_Directory/>
            <FileName/>
            <Destination_FileName/>
            <Destination_Directory/>
            <Description/>
            <DBType>ALL</DBType>
            <Type>D</Type>
            <Target_Directory/>
            <SQLStatement>SELECT * FROM BH_ChargeDefault WHERE BH_ChargeDefault_UU IN ('be3ec2be-7605-4b69-a698-f537f4f34a7e','9e7bdeee-b4ae-485c-8aa9-4fd4970f85e0','f2f8b5a1-1219-4f37-8419-f4b4aac65bb9','794253a2-4bac-4963-aacd-32323b0c2ae9','b50275a4-eddf-45d6-9b81-cb12beebba92','e293075d-3f94-4402-9a34-46de20b163f8','69d02192-60de-4161-8bf6-bb6a956b6277','7302062e-a825-4ddd-8bc3-8bc8b0ed989f','6711c5d4-75fa-4a2e-a834-a4d37015e55d','126ea60a-09e4-4364-bf0f-30b8ffd8e1db','7bcf9dd4-beba-4ccd-955f-fdf5950b13dd','3777f92d-a638-4177-ab16-28d8477bdadf','2d4e7a9c-50c5-4440-9b2f-ad279807d240','59c70c50-850b-433e-a586-bbdf7f62801f','f9d4087c-3219-4eda-a9d7-70206c846ae8','a7735507-c8b8-4eda-a971-6b0b3da77bc7','361496db-8e5f-4468-9232-98210d5f3af0','56252f1c-7248-41c7-a72b-992e08059d6c','a129e897-566a-4b8a-a0a4-4d567df8173d','b231b181-7783-4c1a-b3cd-b6164c5dd5c4','e37a954b-b87e-4d44-a69b-6e01e038b5e1','4a204299-66e6-4991-83b1-0fad579eb733','864f310b-2959-4c62-82b9-6af800f6dfb6','226823ef-c90f-45c1-a68c-0565c33d8b59','ca49d9df-5b93-43b7-a518-0549b167f3e9','058ceba6-4d08-48dd-ad98-ac001b83344f','77099b29-daba-4df8-9d40-14955d6b271d','5238205e-52f9-4b24-8de6-92d8df039f62','17fea682-f036-4704-88b1-63e6665dabed','cc1dd35a-1613-4ce0-8731-b807ac93fa3d','5507ebab-e138-4e70-ab35-6b5a598880ab','8cc7c301-b2e9-4d8d-858d-b20795519c7c')</SQLStatement>
            <ReleaseNo/>
            <Processing>N</Processing>
            <Processed>N</Processed>
            <Name2/>
            <Line>20</Line>
            <AD_Workbench_ID reference="id"/>
            <AD_Table_ID reference="uuid" reference-key="AD_Table">bf6b0fd7-da8b-46e3-a72d-9791c9d0605c</AD_Table_ID>
            <AD_ReportView_ID reference="id"/>
            <AD_Package_Exp_ID reference="uuid" reference-key="AD_Package_Exp">e212bba4-8798-48f9-b905-aa82815c3d7c</AD_Package_Exp_ID>
            <AD_Package_Code_New/>
            <AD_Package_Code_Old/>
            <AD_Val_Rule_ID reference="id"/>
            <AD_Message_ID reference="id"/>
            <AD_PrintFormat_ID reference="id"/>
            <AD_Reference_ID reference="id"/>
            <AD_ModelValidator_ID reference="id"/>
            <AD_EntityType_ID reference="id"/>
            <AD_Package_Exp_Detail_UU>5a4a0f10-21d3-4e25-8fa5-d7cbc53553bb</AD_Package_Exp_Detail_UU>
            <AD_InfoWindow_ID reference="id">200000</AD_InfoWindow_ID>
        </AD_Package_Exp_Detail>
    </AD_Package_Exp>
    <BH_ChargeDefault type="table">
        <AD_Client_ID>0</AD_Client_ID>
        <AD_Org_ID>0</AD_Org_ID>
        <BH_ChargeDefault_UU>be3ec2be-7605-4b69-a698-f537f4f34a7e</BH_ChargeDefault_UU>
        <Description>Computer and Accessories</Description>
        <IsActive>Y</IsActive>
        <Name>Facilities - Computer And Accessories (Software/Hardware)</Name>
        <Value>17500</Value>
    </BH_ChargeDefault>
    <BH_ChargeDefault type="table">
        <AD_Client_ID>0</AD_Client_ID>
        <AD_Org_ID>0</AD_Org_ID>
        <BH_ChargeDefault_UU>9e7bdeee-b4ae-485c-8aa9-4fd4970f85e0</BH_ChargeDefault_UU>
        <Description>Furniture</Description>
        <IsActive>Y</IsActive>
        <Name>Facilities - Furniture</Name>
        <Value>17100</Value>
    </BH_ChargeDefault>
    <BH_ChargeDefault type="table">
        <AD_Client_ID>0</AD_Client_ID>
        <AD_Org_ID>0</AD_Org_ID>
        <BH_ChargeDefault_UU>f2f8b5a1-1219-4f37-8419-f4b4aac65bb9</BH_ChargeDefault_UU>
        <Description>Medical equipment</Description>
        <IsActive>Y</IsActive>
        <Name>Facilities - Medical Equipment</Name>
        <Value>17300</Value>
    </BH_ChargeDefault>
    <BH_ChargeDefault type="table">
        <AD_Client_ID>0</AD_Client_ID>
        <AD_Org_ID>0</AD_Org_ID>
        <BH_ChargeDefault_UU>794253a2-4bac-4963-aacd-32323b0c2ae9</BH_ChargeDefault_UU>
        <Description>General occupancy costs</Description>
        <IsActive>Y</IsActive>
        <Name>Facilities - Miscellaneous/Other</Name>
        <Value>61300</Value>
    </BH_ChargeDefault>
    <BH_ChargeDefault type="table">
        <AD_Client_ID>0</AD_Client_ID>
        <AD_Org_ID>0</AD_Org_ID>
        <BH_ChargeDefault_UU>b50275a4-eddf-45d6-9b81-cb12beebba92</BH_ChargeDefault_UU>
        <Description>Mortgage</Description>
        <IsActive>Y</IsActive>
        <Name>Facilities - Mortgage (House Loan)</Name>
        <Value>24200</Value>
    </BH_ChargeDefault>
    <BH_ChargeDefault type="table">
        <AD_Client_ID>0</AD_Client_ID>
        <AD_Org_ID>0</AD_Org_ID>
        <BH_ChargeDefault_UU>e293075d-3f94-4402-9a34-46de20b163f8</BH_ChargeDefault_UU>
        <Description>Office equipment</Description>
        <IsActive>Y</IsActive>
        <Name>Facilities - Office Equipment</Name>
        <Value>17700</Value>
    </BH_ChargeDefault>
    <BH_ChargeDefault type="table">
        <AD_Client_ID>0</AD_Client_ID>
        <AD_Org_ID>0</AD_Org_ID>
        <BH_ChargeDefault_UU>69d02192-60de-4161-8bf6-bb6a956b6277</BH_ChargeDefault_UU>
        <Description>Rent</Description>
        <IsActive>Y</IsActive>
        <Name>Facilities - Rent</Name>
        <Value>61100</Value>
    </BH_ChargeDefault>
    <BH_ChargeDefault type="table">
        <AD_Client_ID>0</AD_Client_ID>
        <AD_Org_ID>0</AD_Org_ID>
        <BH_ChargeDefault_UU>7302062e-a825-4ddd-8bc3-8bc8b0ed989f</BH_ChargeDefault_UU>
        <Description>Utilities</Description>
        <IsActive>Y</IsActive>
        <Name>Facilities - Utilities - Electricity</Name>
        <Value>61200</Value>
    </BH_ChargeDefault>
    <BH_ChargeDefault type="table">
        <AD_Client_ID>0</AD_Client_ID>
        <AD_Org_ID>0</AD_Org_ID>
        <BH_ChargeDefault_UU>6711c5d4-75fa-4a2e-a834-a4d37015e55d</BH_ChargeDefault_UU>
        <Description>Other Contacted Services</Description>
        <IsActive>Y</IsActive>
        <Name>Facilities - Utilities - Garbage</Name>
        <Value>61600</Value>
    </BH_ChargeDefault>
    <BH_ChargeDefault type="table">
        <AD_Client_ID>0</AD_Client_ID>
        <AD_Org_ID>0</AD_Org_ID>
        <BH_ChargeDefault_UU>126ea60a-09e4-4364-bf0f-30b8ffd8e1db</BH_ChargeDefault_UU>
        <Description>Internet</Description>
        <IsActive>Y</IsActive>
        <Name>Facilities - Utilities - Internet</Name>
        <Value>63300</Value>
    </BH_ChargeDefault>
    <BH_ChargeDefault type="table">
        <AD_Client_ID>0</AD_Client_ID>
        <AD_Org_ID>0</AD_Org_ID>
        <BH_ChargeDefault_UU>7bcf9dd4-beba-4ccd-955f-fdf5950b13dd</BH_ChargeDefault_UU>
        <Description>Mobile charges</Description>
        <IsActive>Y</IsActive>
        <Name>Facilities - Utilities - Mobile</Name>
        <Value>63200</Value>
    </BH_ChargeDefault>
    <BH_ChargeDefault type="table">
        <AD_Client_ID>0</AD_Client_ID>
        <AD_Org_ID>0</AD_Org_ID>
        <BH_ChargeDefault_UU>3777f92d-a638-4177-ab16-28d8477bdadf</BH_ChargeDefault_UU>
        <Description>Utilities</Description>
        <IsActive>Y</IsActive>
        <Name>Facilities - Utilities - Water</Name>
        <Value>61200</Value>
    </BH_ChargeDefault>
    <BH_ChargeDefault type="table">
        <AD_Client_ID>0</AD_Client_ID>
        <AD_Org_ID>0</AD_Org_ID>
        <BH_ChargeDefault_UU>2d4e7a9c-50c5-4440-9b2f-ad279807d240</BH_ChargeDefault_UU>
        <Description>Business Insurance</Description>
        <IsActive>Y</IsActive>
        <Name>Finances - Insurance</Name>
        <Value>69100</Value>
    </BH_ChargeDefault>
    <BH_ChargeDefault type="table">
        <AD_Client_ID>0</AD_Client_ID>
        <AD_Org_ID>0</AD_Org_ID>
        <BH_ChargeDefault_UU>59c70c50-850b-433e-a586-bbdf7f62801f</BH_ChargeDefault_UU>
        <Description>License fees</Description>
        <IsActive>Y</IsActive>
        <Name>Finances - Licenses, Memberships, &amp; Permits</Name>
        <Value>74900</Value>
    </BH_ChargeDefault>
    <BH_ChargeDefault type="table">
        <AD_Client_ID>0</AD_Client_ID>
        <AD_Org_ID>0</AD_Org_ID>
        <BH_ChargeDefault_UU>f9d4087c-3219-4eda-a9d7-70206c846ae8</BH_ChargeDefault_UU>
        <Description>Long Term Obligation</Description>
        <IsActive>Y</IsActive>
        <Name>Finances - Loan</Name>
        <Value>24100</Value>
    </BH_ChargeDefault>
    <BH_ChargeDefault type="table">
        <AD_Client_ID>0</AD_Client_ID>
        <AD_Org_ID>0</AD_Org_ID>
        <BH_ChargeDefault_UU>a7735507-c8b8-4eda-a971-6b0b3da77bc7</BH_ChargeDefault_UU>
        <Description>Advertising Expense</Description>
        <IsActive>Y</IsActive>
        <Name>Finances - Marketing</Name>
        <Value>62100</Value>
    </BH_ChargeDefault>
    <BH_ChargeDefault type="table">
        <AD_Client_ID>0</AD_Client_ID>
        <AD_Org_ID>0</AD_Org_ID>
        <BH_ChargeDefault_UU>361496db-8e5f-4468-9232-98210d5f3af0</BH_ChargeDefault_UU>
        <Description>Miscellaneous Expense</Description>
        <IsActive>Y</IsActive>
        <Name>Finances - Miscellaneous/Other</Name>
        <Value>78900</Value>
    </BH_ChargeDefault>
    <BH_ChargeDefault type="table">
        <AD_Client_ID>0</AD_Client_ID>
        <AD_Org_ID>0</AD_Org_ID>
        <BH_ChargeDefault_UU>56252f1c-7248-41c7-a72b-992e08059d6c</BH_ChargeDefault_UU>
        <Description>Savings Accounts</Description>
        <IsActive>Y</IsActive>
        <Name>Finances - Savings</Name>
        <Value>11300</Value>
    </BH_ChargeDefault>
    <BH_ChargeDefault type="table">
        <AD_Client_ID>0</AD_Client_ID>
        <AD_Org_ID>0</AD_Org_ID>
        <BH_ChargeDefault_UU>a129e897-566a-4b8a-a0a4-4d567df8173d</BH_ChargeDefault_UU>
        <Description>KRA taxes</Description>
        <IsActive>Y</IsActive>
        <Name>Finances - Tax - KRA Corporate</Name>
        <Value>74100</Value>
    </BH_ChargeDefault>
    <BH_ChargeDefault type="table">
        <AD_Client_ID>0</AD_Client_ID>
        <AD_Org_ID>0</AD_Org_ID>
        <BH_ChargeDefault_UU>b231b181-7783-4c1a-b3cd-b6164c5dd5c4</BH_ChargeDefault_UU>
        <Description>Inventory Account</Description>
        <IsActive>Y</IsActive>
        <Name>Medications &amp; Supplies</Name>
        <Value>14100</Value>
    </BH_ChargeDefault>
    <BH_ChargeDefault type="table">
        <AD_Client_ID>0</AD_Client_ID>
        <AD_Org_ID>0</AD_Org_ID>
        <BH_ChargeDefault_UU>e37a954b-b87e-4d44-a69b-6e01e038b5e1</BH_ChargeDefault_UU>
        <Description>Other Payroll Expenses</Description>
        <IsActive>Y</IsActive>
        <Name>Personnel - Miscellaneous/Other</Name>
        <Value>60930</Value>
    </BH_ChargeDefault>
    <BH_ChargeDefault type="table">
        <AD_Client_ID>0</AD_Client_ID>
        <AD_Org_ID>0</AD_Org_ID>
        <BH_ChargeDefault_UU>4a204299-66e6-4991-83b1-0fad579eb733</BH_ChargeDefault_UU>
        <Description>NHIF payroll</Description>
        <IsActive>Y</IsActive>
        <Name>Personnel - NHIF</Name>
        <Value>60510</Value>
    </BH_ChargeDefault>
    <BH_ChargeDefault type="table">
        <AD_Client_ID>0</AD_Client_ID>
        <AD_Org_ID>0</AD_Org_ID>
        <BH_ChargeDefault_UU>864f310b-2959-4c62-82b9-6af800f6dfb6</BH_ChargeDefault_UU>
        <Description>NSSF payroll</Description>
        <IsActive>Y</IsActive>
        <Name>Personnel - NSSF</Name>
        <Value>60410</Value>
    </BH_ChargeDefault>
    <BH_ChargeDefault type="table">
        <AD_Client_ID>0</AD_Client_ID>
        <AD_Org_ID>0</AD_Org_ID>
        <BH_ChargeDefault_UU>226823ef-c90f-45c1-a68c-0565c33d8b59</BH_ChargeDefault_UU>
        <Description>PAYE payroll</Description>
        <IsActive>Y</IsActive>
        <Name>Personnel - PAYE</Name>
        <Value>60430</Value>
    </BH_ChargeDefault>
    <BH_ChargeDefault type="table">
        <AD_Client_ID>0</AD_Client_ID>
        <AD_Org_ID>0</AD_Org_ID>
        <BH_ChargeDefault_UU>ca49d9df-5b93-43b7-a518-0549b167f3e9</BH_ChargeDefault_UU>
        <Description>Staff wages</Description>
        <IsActive>Y</IsActive>
        <Name>Personnel - Salaries</Name>
        <Value>60110</Value>
    </BH_ChargeDefault>
    <BH_ChargeDefault type="table">
        <AD_Client_ID>0</AD_Client_ID>
        <AD_Org_ID>0</AD_Org_ID>
        <BH_ChargeDefault_UU>058ceba6-4d08-48dd-ad98-ac001b83344f</BH_ChargeDefault_UU>
        <Description>Accounting and Clinical IT solutions</Description>
        <IsActive>Y</IsActive>
        <Name>Services - IT, Accounting &amp; Clinical</Name>
        <Value>66300</Value>
    </BH_ChargeDefault>
    <BH_ChargeDefault type="table">
        <AD_Client_ID>0</AD_Client_ID>
        <AD_Org_ID>0</AD_Org_ID>
        <BH_ChargeDefault_UU>77099b29-daba-4df8-9d40-14955d6b271d</BH_ChargeDefault_UU>
        <Description>General occupancy costs</Description>
        <IsActive>Y</IsActive>
        <Name>Services - Maintenance &amp; Cleaning</Name>
        <Value>61300</Value>
    </BH_ChargeDefault>
    <BH_ChargeDefault type="table">
        <AD_Client_ID>0</AD_Client_ID>
        <AD_Org_ID>0</AD_Org_ID>
        <BH_ChargeDefault_UU>5238205e-52f9-4b24-8de6-92d8df039f62</BH_ChargeDefault_UU>
        <Description>Vehicle Expense</Description>
        <IsActive>Y</IsActive>
        <Name>Vehicle - Fuel</Name>
        <Value>78500</Value>
    </BH_ChargeDefault>
    <BH_ChargeDefault type="table">
        <AD_Client_ID>0</AD_Client_ID>
        <AD_Org_ID>0</AD_Org_ID>
        <BH_ChargeDefault_UU>17fea682-f036-4704-88b1-63e6665dabed</BH_ChargeDefault_UU>
        <Description>Vehicle Insurance</Description>
        <IsActive>Y</IsActive>
        <Name>Vehicle - Insurance</Name>
        <Value>69300</Value>
    </BH_ChargeDefault>
    <BH_ChargeDefault type="table">
        <AD_Client_ID>0</AD_Client_ID>
        <AD_Org_ID>0</AD_Org_ID>
        <BH_ChargeDefault_UU>cc1dd35a-1613-4ce0-8731-b807ac93fa3d</BH_ChargeDefault_UU>
        <Description>Long Term Obligation</Description>
        <IsActive>Y</IsActive>
        <Name>Vehicle - Lease/Loan</Name>
        <Value>24100</Value>
    </BH_ChargeDefault>
    <BH_ChargeDefault type="table">
        <AD_Client_ID>0</AD_Client_ID>
        <AD_Org_ID>0</AD_Org_ID>
        <BH_ChargeDefault_UU>5507ebab-e138-4e70-ab35-6b5a598880ab</BH_ChargeDefault_UU>
        <Description>Vehicle Repairs &amp; Maintenance</Description>
        <IsActive>Y</IsActive>
        <Name>Vehicle - Maintenance &amp; Cleaning</Name>
        <Value>77500</Value>
    </BH_ChargeDefault>
    <BH_ChargeDefault type="table">
        <AD_Client_ID>0</AD_Client_ID>
        <AD_Org_ID>0</AD_Org_ID>
        <BH_ChargeDefault_UU>8cc7c301-b2e9-4d8d-858d-b20795519c7c</BH_ChargeDefault_UU>
        <Description>Vehicles</Description>
        <IsActive>Y</IsActive>
        <Name>Vehicle - Purchase</Name>
        <Value>17400</Value>
    </BH_ChargeDefault>
    <BH_Product_CategoryDefault type="table">
        <AD_Client_ID>0</AD_Client_ID>
        <AD_Org_ID>0</AD_Org_ID>
        <BH_Product_CategoryDefault_UU>0470e47a-7d43-4c94-85aa-fa15c72643f0</BH_Product_CategoryDefault_UU>
        <Description/>
        <IsActive>Y</IsActive>
        <Name>Laboratory</Name>
        <Value>41120</Value>
        <BH_Product_Category_Type>P</BH_Product_Category_Type>
    </BH_Product_CategoryDefault>
    <BH_Product_CategoryDefault type="table">
        <AD_Client_ID>0</AD_Client_ID>
        <AD_Org_ID>0</AD_Org_ID>
        <BH_Product_CategoryDefault_UU>fb7ab6e2-5ba6-4a5f-9469-96dd77315aaf</BH_Product_CategoryDefault_UU>
        <Description/>
        <IsActive>Y</IsActive>
        <Name>Other</Name>
        <Value>41140</Value>
        <BH_Product_Category_Type>P</BH_Product_Category_Type>
    </BH_Product_CategoryDefault>
    <BH_Product_CategoryDefault type="table">
        <AD_Client_ID>0</AD_Client_ID>
        <AD_Org_ID>0</AD_Org_ID>
        <BH_Product_CategoryDefault_UU>1e73c871-4419-4693-972d-653657ad9577</BH_Product_CategoryDefault_UU>
        <Description/>
        <IsActive>Y</IsActive>
        <Name>Pharmacy</Name>
        <Value>41110</Value>
        <BH_Product_Category_Type>P</BH_Product_Category_Type>
    </BH_Product_CategoryDefault>
    <BH_Product_CategoryDefault type="table">
        <AD_Client_ID>0</AD_Client_ID>
        <AD_Org_ID>0</AD_Org_ID>
        <BH_Product_CategoryDefault_UU>745ba779-b8ac-449f-9a24-ceab140b5ea1</BH_Product_CategoryDefault_UU>
        <Description/>
        <IsActive>Y</IsActive>
        <Name>Radiology</Name>
        <Value>41130</Value>
        <BH_Product_Category_Type>P</BH_Product_Category_Type>
    </BH_Product_CategoryDefault>
    <BH_Product_CategoryDefault type="table">
        <AD_Client_ID>0</AD_Client_ID>
        <AD_Org_ID>0</AD_Org_ID>
        <BH_Product_CategoryDefault_UU>41cb6077-5ae0-4d43-be6a-33be395734b6</BH_Product_CategoryDefault_UU>
        <Description/>
        <IsActive>Y</IsActive>
        <Name>Services</Name>
        <Value>41100</Value>
        <BH_Product_Category_Type>S</BH_Product_Category_Type>
    </BH_Product_CategoryDefault>
</idempiere>
