<?xml version="1.0" encoding="UTF-8"?><idempiere Name="BH_Kibana" Version="10.0.0.0" idempiereVersion="" DataBaseVersion="" Description="add bh_incomestatement_v view" Author="" AuthorEmail="" CreatedDate="2019-01-17 09:57:03.999" UpdatedDate="2019-08-06 12:25:56.333" PackOutVersion="100" UpdateDictionary="false" Client="0-SYSTEM-System" AD_Client_UU="11237b53-9592-4af1-b3c5-afd216514b5d">
    <SQLStatement type="custom">
        <DBType>ALL</DBType>
        <statement><![CDATA[CREATE OR REPLACE VIEW bh_recent_windows_v AS ( SELECT 
  r.created, 
  r.ad_org_id, 
  r.ad_client_id, 
  r.ad_window_id, 
  w.name AS window_name, 
  c.name as client_name, r.ad_recentitem_id
FROM ad_recentitem r
INNER JOIN ad_window w ON r.ad_window_id = w.ad_window_id
INNER JOIN ad_client c ON r.ad_client_id = c.ad_client_id
WHERE r.ad_org_id > 0
ORDER BY r.created DESC)]]></statement>
    </SQLStatement>
    <AD_Package_Exp type="table">
        <AD_Client_ID>0</AD_Client_ID>
        <AD_Org_ID>0</AD_Org_ID>
        <AD_Package_Type>X</AD_Package_Type>
        <EMail/>
        <Instructions/>
        <Name>BH_Kibana</Name>
        <Processed>N</Processed>
        <ReleaseNo/>
        <Version/>
        <UserName/>
        <Processing>N</Processing>
        <PK_Version>10.0.0.0</PK_Version>
        <IsActive>Y</IsActive>
        <File_Directory/>
        <Description>add bh_incomestatement_v view</Description>
        <AD_Package_Exp_UU>6ef6569b-7cba-4b72-9fa0-abb3d9018f8c</AD_Package_Exp_UU>
        <DateFrom/>
        <IsExportDictionaryEntity>N</IsExportDictionaryEntity>
        <AD_Package_Exp_Detail type="table">
            <AD_Client_ID>0</AD_Client_ID>
            <AD_Org_ID>0</AD_Org_ID>
            <AD_Form_ID reference="id"/>
            <AD_ImpFormat_ID reference="id"/>
            <AD_Menu_ID reference="id"/>
            <AD_Process_ID reference="id"/>
            <AD_Role_ID reference="id">0</AD_Role_ID>
            <AD_Window_ID reference="id"/>
            <AD_Workflow_ID reference="id"/>
            <IsActive>Y</IsActive>
            <File_Directory/>
            <FileName/>
            <Destination_FileName/>
            <Destination_Directory/>
            <Description/>
            <DBType>ALL</DBType>
            <Type>D</Type>
            <Target_Directory/>
            <SQLStatement>SELECT * FROM AD_Package_Exp WHERE AD_Package_Exp_UU = '6ef6569b-7cba-4b72-9fa0-abb3d9018f8c'; AD_Package_Exp_Detail</SQLStatement>
            <ReleaseNo/>
            <Processing>N</Processing>
            <Processed>N</Processed>
            <Name2/>
            <Line>20</Line>
            <AD_Workbench_ID reference="id"/>
            <AD_Table_ID reference="id">50005</AD_Table_ID>
            <AD_ReportView_ID reference="id"/>
            <AD_Package_Exp_ID reference="uuid" reference-key="AD_Package_Exp">6ef6569b-7cba-4b72-9fa0-abb3d9018f8c</AD_Package_Exp_ID>
            <AD_Package_Code_New/>
            <AD_Package_Code_Old/>
            <AD_Val_Rule_ID reference="id"/>
            <AD_Message_ID reference="id"/>
            <AD_PrintFormat_ID reference="id"/>
            <AD_Reference_ID reference="id"/>
            <AD_ModelValidator_ID reference="id"/>
            <AD_EntityType_ID reference="id"/>
            <AD_Package_Exp_Detail_UU>05fd0ad1-a483-4547-b7a1-f22e6067ca19</AD_Package_Exp_Detail_UU>
        </AD_Package_Exp_Detail>
        <AD_Package_Exp_Detail type="table">
            <AD_Client_ID>0</AD_Client_ID>
            <AD_Org_ID>0</AD_Org_ID>
            <AD_Form_ID reference="id"/>
            <AD_ImpFormat_ID reference="id"/>
            <AD_Menu_ID reference="id"/>
            <AD_Process_ID reference="id"/>
            <AD_Role_ID reference="id">0</AD_Role_ID>
            <AD_Window_ID reference="id"/>
            <AD_Workflow_ID reference="id"/>
            <IsActive>Y</IsActive>
            <File_Directory/>
            <FileName/>
            <Destination_FileName/>
            <Destination_Directory/>
            <Description/>
            <DBType>ALL</DBType>
            <Type>SQL</Type>
            <Target_Directory/>
            <SQLStatement>CREATE OR REPLACE VIEW bh_recent_windows_v AS ( SELECT 
  r.created, 
  r.ad_org_id, 
  r.ad_client_id, 
  r.ad_window_id, 
  w.name AS window_name, 
  c.name as client_name, r.ad_recentitem_id
FROM ad_recentitem r
INNER JOIN ad_window w ON r.ad_window_id = w.ad_window_id
INNER JOIN ad_client c ON r.ad_client_id = c.ad_client_id
WHERE r.ad_org_id &gt; 0
ORDER BY r.created DESC)</SQLStatement>
            <ReleaseNo/>
            <Processing>N</Processing>
            <Processed>N</Processed>
            <Name2/>
            <Line>10</Line>
            <AD_Workbench_ID reference="id"/>
            <AD_Table_ID reference="id"/>
            <AD_ReportView_ID reference="id"/>
            <AD_Package_Exp_ID reference="uuid" reference-key="AD_Package_Exp">6ef6569b-7cba-4b72-9fa0-abb3d9018f8c</AD_Package_Exp_ID>
            <AD_Package_Code_New/>
            <AD_Package_Code_Old/>
            <AD_Val_Rule_ID reference="id"/>
            <AD_Message_ID reference="id"/>
            <AD_PrintFormat_ID reference="id"/>
            <AD_Reference_ID reference="id"/>
            <AD_ModelValidator_ID reference="id"/>
            <AD_EntityType_ID reference="id"/>
            <AD_Package_Exp_Detail_UU>278fa92d-ffed-4e59-80cd-9dcb0740a280</AD_Package_Exp_Detail_UU>
        </AD_Package_Exp_Detail>
        <AD_Package_Exp_Detail type="table">
            <AD_Client_ID>0</AD_Client_ID>
            <AD_Org_ID>0</AD_Org_ID>
            <AD_Form_ID reference="id"/>
            <AD_ImpFormat_ID reference="id"/>
            <AD_Menu_ID reference="id"/>
            <AD_Process_ID reference="id"/>
            <AD_Role_ID reference="id">0</AD_Role_ID>
            <AD_Window_ID reference="id"/>
            <AD_Workflow_ID reference="id"/>
            <IsActive>Y</IsActive>
            <File_Directory/>
            <FileName/>
            <Destination_FileName/>
            <Destination_Directory/>
            <Description/>
            <DBType>ALL</DBType>
            <Type>SQL</Type>
            <Target_Directory/>
            <SQLStatement>CREATE OR REPLACE VIEW bh_user_activity_v AS ( SELECT  
    c.ad_table_id,
    t.name AS window_name,
    client.name AS client_name,
    to_timestamp(c.created::text, 'YYYY-MM-DD'::text)::timestamp without time zone AS created,
    count(c.ad_changelog_id) AS count,
    c.ad_client_id,
    c.ad_org_id
FROM ad_changelog AS c
INNER JOIN ad_table t ON c.ad_table_id = t.ad_table_id
INNER JOIN ad_client client ON c.ad_client_id = client.ad_client_id
WHERE c.ad_table_id IN (208, 291, 259) and c.ad_org_id &gt; 0
GROUP BY c.ad_table_id, t.name, client.name, (to_timestamp(c.created::text, 'YYYY-MM-DD'::text)::timestamp without time zone), c.ad_client_id, c.ad_org_id
ORDER BY created DESC)</SQLStatement>
            <ReleaseNo/>
            <Processing>N</Processing>
            <Processed>N</Processed>
            <Name2/>
            <Line>30</Line>
            <AD_Workbench_ID reference="id"/>
            <AD_Table_ID reference="id"/>
            <AD_ReportView_ID reference="id"/>
            <AD_Package_Exp_ID reference="uuid" reference-key="AD_Package_Exp">6ef6569b-7cba-4b72-9fa0-abb3d9018f8c</AD_Package_Exp_ID>
            <AD_Package_Code_New/>
            <AD_Package_Code_Old/>
            <AD_Val_Rule_ID reference="id"/>
            <AD_Message_ID reference="id"/>
            <AD_PrintFormat_ID reference="id"/>
            <AD_Reference_ID reference="id"/>
            <AD_ModelValidator_ID reference="id"/>
            <AD_EntityType_ID reference="id"/>
            <AD_Package_Exp_Detail_UU>2e64f47c-602e-416f-92c5-6681a09ccbaf</AD_Package_Exp_Detail_UU>
        </AD_Package_Exp_Detail>
        <AD_Package_Exp_Detail type="table">
            <AD_Client_ID>0</AD_Client_ID>
            <AD_Org_ID>0</AD_Org_ID>
            <AD_Form_ID reference="id"/>
            <AD_ImpFormat_ID reference="id"/>
            <AD_Menu_ID reference="id"/>
            <AD_Process_ID reference="id"/>
            <AD_Role_ID reference="id">0</AD_Role_ID>
            <AD_Window_ID reference="id"/>
            <AD_Workflow_ID reference="id"/>
            <IsActive>Y</IsActive>
            <File_Directory/>
            <FileName/>
            <Destination_FileName/>
            <Destination_Directory/>
            <Description/>
            <DBType>ALL</DBType>
            <Type>SQL</Type>
            <Target_Directory/>
            <SQLStatement>CREATE OR REPLACE VIEW bh_number_of_patients_v AS ( SELECT 
	count(c_bpartner_id) AS number_of_patients,
	ad_client_id,
	ad_org_id
FROM c_bpartner
WHERE bh_ispatient = 'Y' AND isActive = 'Y'
GROUP BY ad_client_id, ad_org_id)</SQLStatement>
            <ReleaseNo/>
            <Processing>N</Processing>
            <Processed>N</Processed>
            <Name2/>
            <Line>40</Line>
            <AD_Workbench_ID reference="id"/>
            <AD_Table_ID reference="id"/>
            <AD_ReportView_ID reference="id"/>
            <AD_Package_Exp_ID reference="uuid" reference-key="AD_Package_Exp">6ef6569b-7cba-4b72-9fa0-abb3d9018f8c</AD_Package_Exp_ID>
            <AD_Package_Code_New/>
            <AD_Package_Code_Old/>
            <AD_Val_Rule_ID reference="id"/>
            <AD_Message_ID reference="id"/>
            <AD_PrintFormat_ID reference="id"/>
            <AD_Reference_ID reference="id"/>
            <AD_ModelValidator_ID reference="id"/>
            <AD_EntityType_ID reference="id"/>
            <AD_Package_Exp_Detail_UU>804bef24-2842-4faa-8271-5b5e361f1601</AD_Package_Exp_Detail_UU>
        </AD_Package_Exp_Detail>
        <AD_Package_Exp_Detail type="table">
            <AD_Client_ID>0</AD_Client_ID>
            <AD_Org_ID>0</AD_Org_ID>
            <AD_Form_ID reference="id"/>
            <AD_ImpFormat_ID reference="id"/>
            <AD_Menu_ID reference="id"/>
            <AD_Process_ID reference="id"/>
            <AD_Role_ID reference="id">0</AD_Role_ID>
            <AD_Window_ID reference="id"/>
            <AD_Workflow_ID reference="id"/>
            <IsActive>Y</IsActive>
            <File_Directory/>
            <FileName/>
            <Destination_FileName/>
            <Destination_Directory/>
            <Description/>
            <DBType>ALL</DBType>
            <Type>SQL</Type>
            <Target_Directory/>
            <SQLStatement>CREATE OR REPLACE VIEW bh_patients_seen_by_month_v AS ( WITH grouppatients AS (
   SELECT
      c_bpartner_id
   FROM c_bpartner 
   WHERE isActive = 'Y' AND bh_ispatient = 'Y'
   GROUP BY c_bpartner_id
), 
groupdates AS (
   SELECT 
      corder.ad_client_id,
      corder.ad_org_id,
      to_char(corder.created, 'YYYY-MM') AS month,
      count(grouppatients.c_bpartner_id) AS total_patients,
      count(
         CASE 
            WHEN to_char(bpartner.created, 'YYYY-MM') = to_char(corder.created, 'YYYY-MM') 
            THEN grouppatients.c_bpartner_id 
         END) AS new_patients
   FROM grouppatients 
   INNER JOIN c_order corder ON corder.c_bpartner_id = grouppatients.c_bpartner_id 
   INNER JOIN c_bpartner bpartner ON grouppatients.c_bpartner_id = bpartner.c_bpartner_id
   WHERE corder.isActive = 'Y' AND corder.docstatus = 'CO' AND corder.processed = 'Y' AND issotrx = 'Y'
   GROUP BY corder.ad_client_id, corder.ad_org_id, to_char(corder.created, 'YYYY-MM')
   ORDER BY corder.ad_client_id
)
SELECT 
   (date_trunc('MONTH', to_date(concat(gd.month, '-', '01'), 'YYYY-MM-DD')) + INTERVAL '1 MONTH - 1 day')::date AS end_month,
   gd.ad_client_id,
   gd.ad_org_id,
   gd.total_patients,
   gd.new_patients,
   c.name AS client_name
FROM groupdates gd
INNER JOIN ad_client c ON gd.ad_client_id = c.ad_client_id)</SQLStatement>
            <ReleaseNo/>
            <Processing>N</Processing>
            <Processed>N</Processed>
            <Name2/>
            <Line>50</Line>
            <AD_Workbench_ID reference="id"/>
            <AD_Table_ID reference="id"/>
            <AD_ReportView_ID reference="id"/>
            <AD_Package_Exp_ID reference="uuid" reference-key="AD_Package_Exp">6ef6569b-7cba-4b72-9fa0-abb3d9018f8c</AD_Package_Exp_ID>
            <AD_Package_Code_New/>
            <AD_Package_Code_Old/>
            <AD_Val_Rule_ID reference="id"/>
            <AD_Message_ID reference="id"/>
            <AD_PrintFormat_ID reference="id"/>
            <AD_Reference_ID reference="id"/>
            <AD_ModelValidator_ID reference="id"/>
            <AD_EntityType_ID reference="id"/>
            <AD_Package_Exp_Detail_UU>7b3760a7-dccb-4f18-bd45-adeac5d47a99</AD_Package_Exp_Detail_UU>
        </AD_Package_Exp_Detail>
        <AD_Package_Exp_Detail type="table">
            <AD_Client_ID>0</AD_Client_ID>
            <AD_Org_ID>0</AD_Org_ID>
            <AD_Form_ID reference="id"/>
            <AD_ImpFormat_ID reference="id"/>
            <AD_Menu_ID reference="id"/>
            <AD_Process_ID reference="id"/>
            <AD_Role_ID reference="id">0</AD_Role_ID>
            <AD_Window_ID reference="id"/>
            <AD_Workflow_ID reference="id"/>
            <IsActive>Y</IsActive>
            <File_Directory/>
            <FileName/>
            <Destination_FileName/>
            <Destination_Directory/>
            <Description/>
            <DBType>ALL</DBType>
            <Type>SQL</Type>
            <Target_Directory/>
            <SQLStatement>CREATE OR REPLACE VIEW bh_incomestatement_v AS SELECT client.name,
    sum(
        CASE
            WHEN corder.issotrx = 'Y'::bpchar THEN corder.grandtotal
            ELSE 0::numeric
        END) AS revenue,
    sum(
        CASE
            WHEN corder.issotrx = 'N'::bpchar THEN corder.grandtotal
            ELSE 0::numeric
        END) AS cost,
    sum(bh_c_order_v.paytotal) AS payments,
    sum(bh_c_order_v.amtleft) AS balances_due,
    corder.created AS datecreated
   FROM c_order corder
     JOIN ad_client client ON corder.ad_client_id = client.ad_client_id
     JOIN bh_c_order_v ON bh_c_order_v.c_order_id = corder.c_order_id
  WHERE corder.docstatus = 'CO'::bpchar
  GROUP BY client.name, corder.created
  ORDER BY corder.created DESC</SQLStatement>
            <ReleaseNo/>
            <Processing>N</Processing>
            <Processed>N</Processed>
            <Name2/>
            <Line>60</Line>
            <AD_Workbench_ID reference="id"/>
            <AD_Table_ID reference="id"/>
            <AD_ReportView_ID reference="id"/>
            <AD_Package_Exp_ID reference="uuid" reference-key="AD_Package_Exp">6ef6569b-7cba-4b72-9fa0-abb3d9018f8c</AD_Package_Exp_ID>
            <AD_Package_Code_New/>
            <AD_Package_Code_Old/>
            <AD_Val_Rule_ID reference="id"/>
            <AD_Message_ID reference="id"/>
            <AD_PrintFormat_ID reference="id"/>
            <AD_Reference_ID reference="id"/>
            <AD_ModelValidator_ID reference="id"/>
            <AD_EntityType_ID reference="id"/>
            <AD_Package_Exp_Detail_UU>9787ac0d-edf7-4cb7-973f-ce936f64668b</AD_Package_Exp_Detail_UU>
        </AD_Package_Exp_Detail>
    </AD_Package_Exp>
    <SQLStatement type="custom">
        <DBType>ALL</DBType>
        <statement><![CDATA[CREATE OR REPLACE VIEW bh_user_activity_v AS ( SELECT  
    c.ad_table_id,
    t.name AS window_name,
    client.name AS client_name,
    to_timestamp(c.created::text, 'YYYY-MM-DD'::text)::timestamp without time zone AS created,
    count(c.ad_changelog_id) AS count,
    c.ad_client_id,
    c.ad_org_id
FROM ad_changelog AS c
INNER JOIN ad_table t ON c.ad_table_id = t.ad_table_id
INNER JOIN ad_client client ON c.ad_client_id = client.ad_client_id
WHERE c.ad_table_id IN (208, 291, 259) and c.ad_org_id > 0
GROUP BY c.ad_table_id, t.name, client.name, (to_timestamp(c.created::text, 'YYYY-MM-DD'::text)::timestamp without time zone), c.ad_client_id, c.ad_org_id
ORDER BY created DESC)]]></statement>
    </SQLStatement>
    <SQLStatement type="custom">
        <DBType>ALL</DBType>
        <statement><![CDATA[CREATE OR REPLACE VIEW bh_number_of_patients_v AS ( SELECT 
	count(c_bpartner_id) AS number_of_patients,
	ad_client_id,
	ad_org_id
FROM c_bpartner
WHERE bh_ispatient = 'Y' AND isActive = 'Y'
GROUP BY ad_client_id, ad_org_id)]]></statement>
    </SQLStatement>
    <SQLStatement type="custom">
        <DBType>ALL</DBType>
        <statement><![CDATA[CREATE OR REPLACE VIEW bh_patients_seen_by_month_v AS ( WITH grouppatients AS (
   SELECT
      c_bpartner_id
   FROM c_bpartner 
   WHERE isActive = 'Y' AND bh_ispatient = 'Y'
   GROUP BY c_bpartner_id
), 
groupdates AS (
   SELECT 
      corder.ad_client_id,
      corder.ad_org_id,
      to_char(corder.created, 'YYYY-MM') AS month,
      count(grouppatients.c_bpartner_id) AS total_patients,
      count(
         CASE 
            WHEN to_char(bpartner.created, 'YYYY-MM') = to_char(corder.created, 'YYYY-MM') 
            THEN grouppatients.c_bpartner_id 
         END) AS new_patients
   FROM grouppatients 
   INNER JOIN c_order corder ON corder.c_bpartner_id = grouppatients.c_bpartner_id 
   INNER JOIN c_bpartner bpartner ON grouppatients.c_bpartner_id = bpartner.c_bpartner_id
   WHERE corder.isActive = 'Y' AND corder.docstatus = 'CO' AND corder.processed = 'Y' AND issotrx = 'Y'
   GROUP BY corder.ad_client_id, corder.ad_org_id, to_char(corder.created, 'YYYY-MM')
   ORDER BY corder.ad_client_id
)
SELECT 
   (date_trunc('MONTH', to_date(concat(gd.month, '-', '01'), 'YYYY-MM-DD')) + INTERVAL '1 MONTH - 1 day')::date AS end_month,
   gd.ad_client_id,
   gd.ad_org_id,
   gd.total_patients,
   gd.new_patients,
   c.name AS client_name
FROM groupdates gd
INNER JOIN ad_client c ON gd.ad_client_id = c.ad_client_id)]]></statement>
    </SQLStatement>
    <SQLStatement type="custom">
        <DBType>ALL</DBType>
        <statement><![CDATA[CREATE OR REPLACE VIEW bh_incomestatement_v AS SELECT client.name,
    sum(
        CASE
            WHEN corder.issotrx = 'Y'::bpchar THEN corder.grandtotal
            ELSE 0::numeric
        END) AS revenue,
    sum(
        CASE
            WHEN corder.issotrx = 'N'::bpchar THEN corder.grandtotal
            ELSE 0::numeric
        END) AS cost,
    sum(bh_c_order_v.paytotal) AS payments,
    sum(bh_c_order_v.amtleft) AS balances_due,
    corder.created AS datecreated
   FROM c_order corder
     JOIN ad_client client ON corder.ad_client_id = client.ad_client_id
     JOIN bh_c_order_v ON bh_c_order_v.c_order_id = corder.c_order_id
  WHERE corder.docstatus = 'CO'::bpchar
  GROUP BY client.name, corder.created
  ORDER BY corder.created DESC]]></statement>
    </SQLStatement>
</idempiere>
