<?xml version="1.0" encoding="UTF-8"?><?xml-stylesheet type="text/css" href="idempiereDocument.css"?><idempiereDocument>
    <header>BH_BusinessPartner Package Description</header>
    <H1>Package Name:</H1>
    <packagename>BH_BusinessPartner</packagename>
    <H1>Author:</H1>
    <Name:/>
    <H1>Email Address:</H1>
    <Email/>
    <H1>Created:</H1>
    <Date>2019-04-16 11:41:40.057</Date>
    <H1>Updated:</H1>
    <Date>2020-05-15 10:13:52.726</Date>
    <H1>Description:</H1>
    <description>10.1.0 &gt; Updated the suppliers screen to default to 'Cash" for PO payment method; includes update to bank account type
10.0.7 &gt; Add Local Patient ID, Make banda patient ID readonly
+ Auto-increment patient id based on client's sequence</description>
    <H1>Instructions:</H1>
    <instructions/>
    <H1>Files in Package:</H1>
    <file>File: PackOut.xml</file>
    <filedirectory>Directory: \dict\</filedirectory>
    <filenotes>Notes: Contains all application/object settings for package</filenotes>
    <H1>Client:</H1>
    <Client>0-SYSTEM-System</Client>
</idempiereDocument>
