<?xml version="1.0" encoding="UTF-8"?><?xml-stylesheet type="text/css" href="idempiereDocument.css"?><idempiereDocument>
    <header>BH_InitialClientProcess_p1 Package Description</header>
    <H1>Package Name:</H1>
    <packagename>BH_InitialClientProcess_p1</packagename>
    <H1>Author:</H1>
    <Name:/>
    <H1>Email Address:</H1>
    <Email/>
    <H1>Created:</H1>
    <Date>2020-07-09 11:39:46.171</Date>
    <H1>Updated:</H1>
    <Date>2020-08-06 13:57:14.417</Date>
    <H1>Description:</H1>
    <description>1.0.1 &gt; Added in default charges &amp; product categories windows
This pack-out contains everything structure-wise pertaining to the Banda Health client initialization work, which extends what iDempiere already does. Data is in a separate pack-out.</description>
    <H1>Instructions:</H1>
    <instructions/>
    <H1>Files in Package:</H1>
    <file>File: PackOut.xml</file>
    <filedirectory>Directory: \dict\</filedirectory>
    <filenotes>Notes: Contains all application/object settings for package</filenotes>
    <H1>Client:</H1>
    <Client>0-SYSTEM-System</Client>
</idempiereDocument>
