<?xml version="1.0" encoding="UTF-8"?><idempiere Name="BH Coded Diagnosis Sync" Version="1.0.0.0" idempiereVersion="" DataBaseVersion="" Description="" Author="" AuthorEmail="" CreatedDate="2021-09-07 16:02:46.084" UpdatedDate="2021-09-07 16:02:46.084" PackOutVersion="100" UpdateDictionary="false" Client="0-SYSTEM-System" AD_Client_UU="11237b53-9592-4af1-b3c5-afd216514b5d">
    <AD_Menu type="table">
        <SeqNo>999</SeqNo>
        <AD_Client_ID>0</AD_Client_ID>
        <AD_Org_ID>0</AD_Org_ID>
        <Name>Coded Diagnosis Sync</Name>
        <Description/>
        <Action>P</Action>
        <AD_Window_ID reference="id"/>
        <AD_Workflow_ID reference="id"/>
        <AD_Task_ID reference="id"/>
        <IsActive>Y</IsActive>
        <IsSummary>N</IsSummary>
        <AD_Process_ID reference="uuid" reference-key="AD_Process">dc0a5369-1478-46ff-aef4-8bac662132b7</AD_Process_ID>
        <IsSOTrx>Y</IsSOTrx>
        <AD_Form_ID reference="id"/>
        <IsReadOnly>N</IsReadOnly>
        <EntityType>U</EntityType>
        <IsCentrallyMaintained>Y</IsCentrallyMaintained>
        <AD_Menu_UU>9bff4ac0-2691-4469-857c-143e6790fce3</AD_Menu_UU>
        <AD_InfoWindow_ID reference="id"/>
        <AD_Menu_Trl type="translation">
            <Name>Coded Diagnosis Sync</Name>
            <Description/>
            <AD_Language>zh_CN</AD_Language>
            <IsActive>Y</IsActive>
            <IsTranslated>N</IsTranslated>
        </AD_Menu_Trl>
        <AD_Menu_Trl type="translation">
            <Name>Coded Diagnosis Sync</Name>
            <Description/>
            <AD_Language>fr_FR</AD_Language>
            <IsActive>Y</IsActive>
            <IsTranslated>N</IsTranslated>
        </AD_Menu_Trl>
        <AD_Process type="table">
            <AD_Client_ID>0</AD_Client_ID>
            <AD_Org_ID>0</AD_Org_ID>
            <IsActive>Y</IsActive>
            <Name>BH Ocl Coded Diagnosis Sync</Name>
            <Description/>
            <Help/>
            <ProcedureName/>
            <IsReport>N</IsReport>
            <Value>10000009</Value>
            <IsDirectPrint>N</IsDirectPrint>
            <AD_ReportView_ID reference="id"/>
            <Classname>org.bandahealth.idempiere.base.process.CodedDiagnosisSyncProcess</Classname>
            <AccessLevel>3</AccessLevel>
            <EntityType>U</EntityType>
            <Statistic_Count>42</Statistic_Count>
            <Statistic_Seconds>4428</Statistic_Seconds>
            <AD_PrintFormat_ID reference="id"/>
            <WorkflowValue/>
            <AD_Workflow_ID reference="id"/>
            <IsBetaFunctionality>N</IsBetaFunctionality>
            <IsServerProcess>N</IsServerProcess>
            <ShowHelp>Y</ShowHelp>
            <JasperReport/>
            <AD_Form_ID reference="id"/>
            <CopyFromProcess>N</CopyFromProcess>
            <AD_Process_UU>dc0a5369-1478-46ff-aef4-8bac662132b7</AD_Process_UU>
            <AD_CtxHelp_ID reference="id"/>
            <ExecutionType/>
            <AllowMultipleExecution>P</AllowMultipleExecution>
            <AD_Process_Trl type="translation">
                <Help/>
                <Description/>
                <Name>BH Ocl Coded Diagnosis Sync</Name>
                <AD_Language>zh_CN</AD_Language>
                <IsActive>Y</IsActive>
                <IsTranslated>N</IsTranslated>
            </AD_Process_Trl>
            <AD_Process_Trl type="translation">
                <Help/>
                <Description/>
                <Name>BH Ocl Coded Diagnosis Sync</Name>
                <AD_Language>fr_FR</AD_Language>
                <IsActive>Y</IsActive>
                <IsTranslated>N</IsTranslated>
            </AD_Process_Trl>
            <AD_Process_Para type="table">
                <AD_Client_ID>0</AD_Client_ID>
                <AD_Org_ID>0</AD_Org_ID>
                <IsActive>Y</IsActive>
                <Name>AD_CLIENT_ID</Name>
                <Description/>
                <Help/>
                <AD_Process_ID reference="uuid" reference-key="AD_Process">dc0a5369-1478-46ff-aef4-8bac662132b7</AD_Process_ID>
                <SeqNo>10</SeqNo>
                <AD_Reference_ID reference="id">13</AD_Reference_ID>
                <AD_Reference_Value_ID reference="id"/>
                <IsRange>N</IsRange>
                <AD_Val_Rule_ID reference="id"/>
                <FieldLength>0</FieldLength>
                <IsMandatory>N</IsMandatory>
                <DefaultValue>@#AD_Client_ID@</DefaultValue>
                <VFormat/>
                <ValueMin/>
                <ValueMax/>
                <ColumnName>AD_CLIENT_ID</ColumnName>
                <DefaultValue2/>
                <IsCentrallyMaintained>N</IsCentrallyMaintained>
                <EntityType>U</EntityType>
                <AD_Element_ID reference="id"/>
                <ReadOnlyLogic/>
                <DisplayLogic/>
                <AD_Process_Para_UU>4273fb5c-e3a0-4c57-8790-195afaabf0bf</AD_Process_Para_UU>
                <IsEncrypted>N</IsEncrypted>
                <MandatoryLogic/>
                <Placeholder/>
                <Placeholder2/>
                <IsAutocomplete>N</IsAutocomplete>
                <AD_Process_Para_Trl type="translation">
                    <Help/>
                    <Name>AD_CLIENT_ID</Name>
                    <Description/>
                    <Placeholder/>
                    <Placeholder2/>
                    <AD_Language>zh_CN</AD_Language>
                    <IsActive>Y</IsActive>
                    <IsTranslated>N</IsTranslated>
                </AD_Process_Para_Trl>
                <AD_Process_Para_Trl type="translation">
                    <Help/>
                    <Name>AD_CLIENT_ID</Name>
                    <Description/>
                    <Placeholder/>
                    <Placeholder2/>
                    <AD_Language>fr_FR</AD_Language>
                    <IsActive>Y</IsActive>
                    <IsTranslated>N</IsTranslated>
                </AD_Process_Para_Trl>
            </AD_Process_Para>
        </AD_Process>
    </AD_Menu>
</idempiere>
