<?xml version="1.0" encoding="UTF-8"?><?xml-stylesheet type="text/css" href="idempiereDocument.css"?><idempiereDocument>
    <header>BH_GenericSearchInfo Package Description</header>
    <H1>Package Name:</H1>
    <packagename>BH_GenericSearchInfo</packagename>
    <H1>Author:</H1>
    <Name:/>
    <H1>Email Address:</H1>
    <Email/>
    <H1>Created:</H1>
    <Date>2019-08-28 07:55:42.955</Date>
    <H1>Updated:</H1>
    <Date>2020-05-14 10:26:24.324</Date>
    <H1>Description:</H1>
    <description>1.1.0 &gt; Added some conditional logic for when patient selectors show up
* Info window for business partners
+ Rename package to GenericSearchInfo.</description>
    <H1>Instructions:</H1>
    <instructions/>
    <H1>Files in Package:</H1>
    <file>File: PackOut.xml</file>
    <filedirectory>Directory: \dict\</filedirectory>
    <filenotes>Notes: Contains all application/object settings for package</filenotes>
    <H1>Client:</H1>
    <Client>0-SYSTEM-System</Client>
</idempiereDocument>
