<?xml version="1.0" encoding="UTF-8"?><idempiere Name="Expired Products List" Version="1.0.0" idempiereVersion="" DataBaseVersion="" Description="" Author="" AuthorEmail="" CreatedDate="2022-05-18 13:08:26.002" UpdatedDate="2022-05-18 13:18:48.78" PackOutVersion="100" UpdateDictionary="false" Client="0-SYSTEM-System" AD_Client_UU="11237b53-9592-4af1-b3c5-afd216514b5d">
    <AD_Process type="table">
        <AD_Client_ID>0</AD_Client_ID>
        <AD_Org_ID>0</AD_Org_ID>
        <IsActive>Y</IsActive>
        <Name>Expired Products List</Name>
        <Description>List of Expired Products</Description>
        <Help/>
        <ProcedureName/>
        <IsReport>Y</IsReport>
        <Value>BH Expired Products List</Value>
        <IsDirectPrint>N</IsDirectPrint>
        <AD_ReportView_ID reference="id"/>
        <Classname/>
        <AccessLevel>3</AccessLevel>
        <EntityType>U</EntityType>
        <Statistic_Count>0</Statistic_Count>
        <Statistic_Seconds>0</Statistic_Seconds>
        <AD_PrintFormat_ID reference="id"/>
        <WorkflowValue/>
        <AD_Workflow_ID reference="id"/>
        <IsBetaFunctionality>N</IsBetaFunctionality>
        <IsServerProcess>N</IsServerProcess>
        <ShowHelp>Y</ShowHelp>
        <JasperReport>Expired Products List.jasper</JasperReport>
        <AD_Form_ID reference="id"/>
        <CopyFromProcess>N</CopyFromProcess>
        <AD_Process_UU>808a1aaa-f38a-4a90-87dc-5ab2ebe2f7e6</AD_Process_UU>
        <AD_CtxHelp_ID reference="id"/>
        <ExecutionType/>
        <AllowMultipleExecution>P</AllowMultipleExecution>
        <AD_Process_Trl type="translation">
            <Description>List of Expired Products</Description>
            <Help/>
            <Name>Expired Products List</Name>
            <AD_Language>zh_CN</AD_Language>
            <IsActive>Y</IsActive>
            <IsTranslated>N</IsTranslated>
        </AD_Process_Trl>
        <AD_Process_Trl type="translation">
            <Description>List of Expired Products</Description>
            <Help/>
            <Name>Expired Products List</Name>
            <AD_Language>fr_FR</AD_Language>
            <IsActive>Y</IsActive>
            <IsTranslated>N</IsTranslated>
        </AD_Process_Trl>
    </AD_Process>
    <AD_Process_Access type="table">
        <AD_Client_ID>0</AD_Client_ID>
        <AD_Org_ID>0</AD_Org_ID>
        <IsActive>Y</IsActive>
        <IsReadWrite>Y</IsReadWrite>
        <AD_Process_ID reference="uuid" reference-key="AD_Process">808a1aaa-f38a-4a90-87dc-5ab2ebe2f7e6</AD_Process_ID>
        <AD_Role_ID reference="uuid" reference-key="AD_Role">ee008abc-2c16-4230-b48c-b1f5577ea270</AD_Role_ID>
        <AD_Process_Access_UU>a99c4685-6f17-4d96-a7e8-5e8774efd06f</AD_Process_Access_UU>
    </AD_Process_Access>
    <AD_Process_Access type="table">
        <AD_Client_ID>0</AD_Client_ID>
        <AD_Org_ID>0</AD_Org_ID>
        <IsActive>Y</IsActive>
        <IsReadWrite>Y</IsReadWrite>
        <AD_Process_ID reference="uuid" reference-key="AD_Process">808a1aaa-f38a-4a90-87dc-5ab2ebe2f7e6</AD_Process_ID>
        <AD_Role_ID reference="uuid" reference-key="AD_Role">461b31c5-cae2-449d-8a0c-7385b12f4685</AD_Role_ID>
        <AD_Process_Access_UU>190403cb-fcde-467e-9ff6-7b20c13b2a27</AD_Process_Access_UU>
    </AD_Process_Access>
    <AD_Process_Access type="table">
        <AD_Client_ID>0</AD_Client_ID>
        <AD_Org_ID>0</AD_Org_ID>
        <IsActive>Y</IsActive>
        <IsReadWrite>Y</IsReadWrite>
        <AD_Process_ID reference="uuid" reference-key="AD_Process">808a1aaa-f38a-4a90-87dc-5ab2ebe2f7e6</AD_Process_ID>
        <AD_Role_ID reference="uuid" reference-key="AD_Role">ec17fee0-a53a-4dbb-b946-423ce14880eb</AD_Role_ID>
        <AD_Process_Access_UU>5e76d519-7b06-4521-be78-06a003b60c48</AD_Process_Access_UU>
    </AD_Process_Access>
</idempiere>
