<?xml version="1.0" encoding="UTF-8"?><idempiere Name="MOH Reports" Version="1.0.0.0" idempiereVersion="" DataBaseVersion="" Description="" Author="" AuthorEmail="" CreatedDate="2021-09-07 18:02:00.691" UpdatedDate="2021-09-07 18:13:05.404" PackOutVersion="100" UpdateDictionary="false" Client="0-SYSTEM-System" AD_Client_UU="11237b53-9592-4af1-b3c5-afd216514b5d">
    <AD_Process type="table">
        <AD_Client_ID>0</AD_Client_ID>
        <AD_Org_ID>0</AD_Org_ID>
        <IsActive>Y</IsActive>
        <Name>705B Main Report</Name>
        <Description/>
        <Help/>
        <ProcedureName/>
        <IsReport>N</IsReport>
        <Value>705B Main Report</Value>
        <IsDirectPrint>N</IsDirectPrint>
        <AD_ReportView_ID reference="id"/>
        <Classname/>
        <AccessLevel>3</AccessLevel>
        <EntityType>U</EntityType>
        <Statistic_Count>0</Statistic_Count>
        <Statistic_Seconds>0</Statistic_Seconds>
        <AD_PrintFormat_ID reference="id"/>
        <WorkflowValue/>
        <AD_Workflow_ID reference="id"/>
        <IsBetaFunctionality>N</IsBetaFunctionality>
        <IsServerProcess>N</IsServerProcess>
        <ShowHelp>Y</ShowHelp>
        <JasperReport>705B Main Report.jasper</JasperReport>
        <AD_Form_ID reference="id"/>
        <CopyFromProcess>N</CopyFromProcess>
        <AD_Process_UU>793c5896-ff77-48bb-9591-c642e4b3feaa</AD_Process_UU>
        <AD_CtxHelp_ID reference="id"/>
        <ExecutionType/>
        <AllowMultipleExecution>P</AllowMultipleExecution>
        <AD_Process_Trl type="translation">
            <Help/>
            <Description/>
            <Name>705B Main Report</Name>
            <AD_Language>zh_CN</AD_Language>
            <IsActive>Y</IsActive>
            <IsTranslated>N</IsTranslated>
        </AD_Process_Trl>
        <AD_Process_Trl type="translation">
            <Help/>
            <Description/>
            <Name>705B Main Report</Name>
            <AD_Language>fr_FR</AD_Language>
            <IsActive>Y</IsActive>
            <IsTranslated>N</IsTranslated>
        </AD_Process_Trl>
        <AD_Process_Para type="table">
            <AD_Client_ID>0</AD_Client_ID>
            <AD_Org_ID>0</AD_Org_ID>
            <IsActive>Y</IsActive>
            <Name>Begin Date</Name>
            <Description/>
            <Help/>
            <AD_Process_ID reference="uuid" reference-key="AD_Process">793c5896-ff77-48bb-9591-c642e4b3feaa</AD_Process_ID>
            <SeqNo>20</SeqNo>
            <AD_Reference_ID reference="id">15</AD_Reference_ID>
            <AD_Reference_Value_ID reference="id"/>
            <IsRange>N</IsRange>
            <AD_Val_Rule_ID reference="id"/>
            <FieldLength>0</FieldLength>
            <IsMandatory>N</IsMandatory>
            <DefaultValue/>
            <VFormat/>
            <ValueMin/>
            <ValueMax/>
            <ColumnName>Begin Date</ColumnName>
            <DefaultValue2/>
            <IsCentrallyMaintained>N</IsCentrallyMaintained>
            <EntityType>U</EntityType>
            <AD_Element_ID reference="id"/>
            <ReadOnlyLogic/>
            <DisplayLogic/>
            <AD_Process_Para_UU>51ee43e7-ff8e-48f0-b1a5-4797447ebdc7</AD_Process_Para_UU>
            <IsEncrypted>N</IsEncrypted>
            <MandatoryLogic/>
            <Placeholder/>
            <Placeholder2/>
            <IsAutocomplete>N</IsAutocomplete>
            <AD_Process_Para_Trl type="translation">
                <Help/>
                <Name>Begin Date</Name>
                <Description/>
                <Placeholder/>
                <Placeholder2/>
                <AD_Language>zh_CN</AD_Language>
                <IsActive>Y</IsActive>
                <IsTranslated>N</IsTranslated>
            </AD_Process_Para_Trl>
            <AD_Process_Para_Trl type="translation">
                <Help/>
                <Name>Begin Date</Name>
                <Description/>
                <Placeholder/>
                <Placeholder2/>
                <AD_Language>fr_FR</AD_Language>
                <IsActive>Y</IsActive>
                <IsTranslated>N</IsTranslated>
            </AD_Process_Para_Trl>
        </AD_Process_Para>
        <AD_Process_Para type="table">
            <AD_Client_ID>0</AD_Client_ID>
            <AD_Org_ID>0</AD_Org_ID>
            <IsActive>Y</IsActive>
            <Name>End Date</Name>
            <Description/>
            <Help/>
            <AD_Process_ID reference="uuid" reference-key="AD_Process">793c5896-ff77-48bb-9591-c642e4b3feaa</AD_Process_ID>
            <SeqNo>30</SeqNo>
            <AD_Reference_ID reference="id">15</AD_Reference_ID>
            <AD_Reference_Value_ID reference="id"/>
            <IsRange>N</IsRange>
            <AD_Val_Rule_ID reference="id"/>
            <FieldLength>0</FieldLength>
            <IsMandatory>N</IsMandatory>
            <DefaultValue/>
            <VFormat/>
            <ValueMin/>
            <ValueMax/>
            <ColumnName>End Date</ColumnName>
            <DefaultValue2/>
            <IsCentrallyMaintained>N</IsCentrallyMaintained>
            <EntityType>U</EntityType>
            <AD_Element_ID reference="id"/>
            <ReadOnlyLogic/>
            <DisplayLogic/>
            <AD_Process_Para_UU>e5546d31-1f08-4bee-8f72-a85b34bf3ea0</AD_Process_Para_UU>
            <IsEncrypted>N</IsEncrypted>
            <MandatoryLogic/>
            <Placeholder/>
            <Placeholder2/>
            <IsAutocomplete>N</IsAutocomplete>
            <AD_Process_Para_Trl type="translation">
                <Help/>
                <Name>End Date</Name>
                <Description/>
                <Placeholder/>
                <Placeholder2/>
                <AD_Language>zh_CN</AD_Language>
                <IsActive>Y</IsActive>
                <IsTranslated>N</IsTranslated>
            </AD_Process_Para_Trl>
            <AD_Process_Para_Trl type="translation">
                <Help/>
                <Name>End Date</Name>
                <Description/>
                <Placeholder/>
                <Placeholder2/>
                <AD_Language>fr_FR</AD_Language>
                <IsActive>Y</IsActive>
                <IsTranslated>N</IsTranslated>
            </AD_Process_Para_Trl>
        </AD_Process_Para>
    </AD_Process>
    <AD_Process type="table">
        <AD_Client_ID>0</AD_Client_ID>
        <AD_Org_ID>0</AD_Org_ID>
        <IsActive>Y</IsActive>
        <Name>705A Main Report</Name>
        <Description/>
        <Help/>
        <ProcedureName/>
        <IsReport>N</IsReport>
        <Value>705A Main Report</Value>
        <IsDirectPrint>N</IsDirectPrint>
        <AD_ReportView_ID reference="id"/>
        <Classname/>
        <AccessLevel>3</AccessLevel>
        <EntityType>U</EntityType>
        <Statistic_Count>0</Statistic_Count>
        <Statistic_Seconds>0</Statistic_Seconds>
        <AD_PrintFormat_ID reference="id"/>
        <WorkflowValue/>
        <AD_Workflow_ID reference="id"/>
        <IsBetaFunctionality>N</IsBetaFunctionality>
        <IsServerProcess>N</IsServerProcess>
        <ShowHelp>Y</ShowHelp>
        <JasperReport>705A Main Report.jasper</JasperReport>
        <AD_Form_ID reference="id"/>
        <CopyFromProcess>N</CopyFromProcess>
        <AD_Process_UU>eedac9a6-4812-4a35-a313-2b27a872c0df</AD_Process_UU>
        <AD_CtxHelp_ID reference="id"/>
        <ExecutionType/>
        <AllowMultipleExecution>P</AllowMultipleExecution>
        <AD_Process_Trl type="translation">
            <Help/>
            <Description/>
            <Name>705A Main Report</Name>
            <AD_Language>zh_CN</AD_Language>
            <IsActive>Y</IsActive>
            <IsTranslated>N</IsTranslated>
        </AD_Process_Trl>
        <AD_Process_Trl type="translation">
            <Help/>
            <Description/>
            <Name>705A Main Report</Name>
            <AD_Language>fr_FR</AD_Language>
            <IsActive>Y</IsActive>
            <IsTranslated>N</IsTranslated>
        </AD_Process_Trl>
        <AD_Process_Para type="table">
            <AD_Client_ID>0</AD_Client_ID>
            <AD_Org_ID>0</AD_Org_ID>
            <IsActive>Y</IsActive>
            <Name>Begin Date</Name>
            <Description/>
            <Help/>
            <AD_Process_ID reference="uuid" reference-key="AD_Process">eedac9a6-4812-4a35-a313-2b27a872c0df</AD_Process_ID>
            <SeqNo>20</SeqNo>
            <AD_Reference_ID reference="id">15</AD_Reference_ID>
            <AD_Reference_Value_ID reference="id"/>
            <IsRange>N</IsRange>
            <AD_Val_Rule_ID reference="id"/>
            <FieldLength>0</FieldLength>
            <IsMandatory>N</IsMandatory>
            <DefaultValue/>
            <VFormat/>
            <ValueMin/>
            <ValueMax/>
            <ColumnName>Begin Date</ColumnName>
            <DefaultValue2/>
            <IsCentrallyMaintained>N</IsCentrallyMaintained>
            <EntityType>U</EntityType>
            <AD_Element_ID reference="id"/>
            <ReadOnlyLogic/>
            <DisplayLogic/>
            <AD_Process_Para_UU>c3f23799-68fd-4f2a-98a4-4601ca5599bb</AD_Process_Para_UU>
            <IsEncrypted>N</IsEncrypted>
            <MandatoryLogic/>
            <Placeholder/>
            <Placeholder2/>
            <IsAutocomplete>N</IsAutocomplete>
            <AD_Process_Para_Trl type="translation">
                <Help/>
                <Name>Begin Date</Name>
                <Description/>
                <Placeholder/>
                <Placeholder2/>
                <AD_Language>zh_CN</AD_Language>
                <IsActive>Y</IsActive>
                <IsTranslated>N</IsTranslated>
            </AD_Process_Para_Trl>
            <AD_Process_Para_Trl type="translation">
                <Help/>
                <Name>Begin Date</Name>
                <Description/>
                <Placeholder/>
                <Placeholder2/>
                <AD_Language>fr_FR</AD_Language>
                <IsActive>Y</IsActive>
                <IsTranslated>N</IsTranslated>
            </AD_Process_Para_Trl>
        </AD_Process_Para>
        <AD_Process_Para type="table">
            <AD_Client_ID>0</AD_Client_ID>
            <AD_Org_ID>0</AD_Org_ID>
            <IsActive>Y</IsActive>
            <Name>End Date</Name>
            <Description/>
            <Help/>
            <AD_Process_ID reference="uuid" reference-key="AD_Process">eedac9a6-4812-4a35-a313-2b27a872c0df</AD_Process_ID>
            <SeqNo>30</SeqNo>
            <AD_Reference_ID reference="id">15</AD_Reference_ID>
            <AD_Reference_Value_ID reference="id"/>
            <IsRange>N</IsRange>
            <AD_Val_Rule_ID reference="id"/>
            <FieldLength>0</FieldLength>
            <IsMandatory>N</IsMandatory>
            <DefaultValue/>
            <VFormat/>
            <ValueMin/>
            <ValueMax/>
            <ColumnName>End Date</ColumnName>
            <DefaultValue2/>
            <IsCentrallyMaintained>N</IsCentrallyMaintained>
            <EntityType>U</EntityType>
            <AD_Element_ID reference="id"/>
            <ReadOnlyLogic/>
            <DisplayLogic/>
            <AD_Process_Para_UU>3936e2bf-47cf-4cdb-873e-49a5949b6ea0</AD_Process_Para_UU>
            <IsEncrypted>N</IsEncrypted>
            <MandatoryLogic/>
            <Placeholder/>
            <Placeholder2/>
            <IsAutocomplete>N</IsAutocomplete>
            <AD_Process_Para_Trl type="translation">
                <Help/>
                <Name>End Date</Name>
                <Description/>
                <Placeholder/>
                <Placeholder2/>
                <AD_Language>zh_CN</AD_Language>
                <IsActive>Y</IsActive>
                <IsTranslated>N</IsTranslated>
            </AD_Process_Para_Trl>
            <AD_Process_Para_Trl type="translation">
                <Help/>
                <Name>End Date</Name>
                <Description/>
                <Placeholder/>
                <Placeholder2/>
                <AD_Language>fr_FR</AD_Language>
                <IsActive>Y</IsActive>
                <IsTranslated>N</IsTranslated>
            </AD_Process_Para_Trl>
        </AD_Process_Para>
    </AD_Process>
    <BH_DbrdBtnGrp_Btn type="table">
        <AD_Client_ID>0</AD_Client_ID>
        <AD_Org_ID>0</AD_Org_ID>
        <AD_InfoWindow_ID reference="id"/>
        <AD_Window_ID reference="id"/>
        <BH_DbrdBtnGrp_Btn_UU>fac168b6-ca4e-4546-bcdc-fd47ae9c0ec8</BH_DbrdBtnGrp_Btn_UU>
        <ButtonClassName>button app big</ButtonClassName>
        <ButtonHelpText/>
        <ButtonText/>
        <Description/>
        <IconClassName/>
        <IsActive>Y</IsActive>
        <LineNo>0</LineNo>
        <Name>705A Main Report</Name>
        <BH_DbrdBtnGrp_ID reference="uuid" reference-key="BH_DbrdBtnGrp">9b44ce0e-3113-4690-ad0b-92b95b34c741</BH_DbrdBtnGrp_ID>
        <AD_Process_ID reference="uuid" reference-key="AD_Process">eedac9a6-4812-4a35-a313-2b27a872c0df</AD_Process_ID>
        <AD_Form_ID reference="id"/>
        <Included_Role_ID reference="id"/>
        <BH_DbrdBtnGrp_Btn_Trl type="translation">
            <ButtonHelpText/>
            <Description/>
            <ButtonText/>
            <Name>705A Main Report</Name>
            <AD_Language>zh_CN</AD_Language>
            <IsActive>Y</IsActive>
            <IsTranslated>N</IsTranslated>
        </BH_DbrdBtnGrp_Btn_Trl>
        <BH_DbrdBtnGrp_Btn_Trl type="translation">
            <ButtonHelpText/>
            <Description/>
            <ButtonText/>
            <Name>705A Main Report</Name>
            <AD_Language>fr_FR</AD_Language>
            <IsActive>Y</IsActive>
            <IsTranslated>N</IsTranslated>
        </BH_DbrdBtnGrp_Btn_Trl>
    </BH_DbrdBtnGrp_Btn>
    <BH_DbrdBtnGrp_Btn type="table">
        <AD_Client_ID>0</AD_Client_ID>
        <AD_Org_ID>0</AD_Org_ID>
        <AD_InfoWindow_ID reference="id"/>
        <AD_Window_ID reference="id"/>
        <BH_DbrdBtnGrp_Btn_UU>ea0c6d96-e65f-4748-baaf-ca6f67d4c31b</BH_DbrdBtnGrp_Btn_UU>
        <ButtonClassName>button app big</ButtonClassName>
        <ButtonHelpText/>
        <ButtonText/>
        <Description/>
        <IconClassName/>
        <IsActive>Y</IsActive>
        <LineNo>0</LineNo>
        <Name>705B Main Report</Name>
        <BH_DbrdBtnGrp_ID reference="uuid" reference-key="BH_DbrdBtnGrp">9b44ce0e-3113-4690-ad0b-92b95b34c741</BH_DbrdBtnGrp_ID>
        <AD_Process_ID reference="uuid" reference-key="AD_Process">793c5896-ff77-48bb-9591-c642e4b3feaa</AD_Process_ID>
        <AD_Form_ID reference="id"/>
        <Included_Role_ID reference="id"/>
        <BH_DbrdBtnGrp_Btn_Trl type="translation">
            <ButtonHelpText/>
            <Description/>
            <ButtonText/>
            <Name>705B Main Report</Name>
            <AD_Language>zh_CN</AD_Language>
            <IsActive>Y</IsActive>
            <IsTranslated>N</IsTranslated>
        </BH_DbrdBtnGrp_Btn_Trl>
        <BH_DbrdBtnGrp_Btn_Trl type="translation">
            <ButtonHelpText/>
            <Description/>
            <ButtonText/>
            <Name>705B Main Report</Name>
            <AD_Language>fr_FR</AD_Language>
            <IsActive>Y</IsActive>
            <IsTranslated>N</IsTranslated>
        </BH_DbrdBtnGrp_Btn_Trl>
    </BH_DbrdBtnGrp_Btn>
    <AD_Process_Access type="table">
        <AD_Client_ID>0</AD_Client_ID>
        <AD_Org_ID>0</AD_Org_ID>
        <IsActive>Y</IsActive>
        <IsReadWrite>Y</IsReadWrite>
        <AD_Process_ID reference="uuid" reference-key="AD_Process">eedac9a6-4812-4a35-a313-2b27a872c0df</AD_Process_ID>
        <AD_Role_ID reference="uuid" reference-key="AD_Role">461b31c5-cae2-449d-8a0c-7385b12f4685</AD_Role_ID>
        <AD_Process_Access_UU>23b91506-4949-4ca3-bc29-a9ba39d8372b</AD_Process_Access_UU>
    </AD_Process_Access>
    <AD_Process_Access type="table">
        <AD_Client_ID>0</AD_Client_ID>
        <AD_Org_ID>0</AD_Org_ID>
        <IsActive>Y</IsActive>
        <IsReadWrite>Y</IsReadWrite>
        <AD_Process_ID reference="uuid" reference-key="AD_Process">793c5896-ff77-48bb-9591-c642e4b3feaa</AD_Process_ID>
        <AD_Role_ID reference="uuid" reference-key="AD_Role">461b31c5-cae2-449d-8a0c-7385b12f4685</AD_Role_ID>
        <AD_Process_Access_UU>56a9bf13-672e-4551-b899-bc842bddb8dc</AD_Process_Access_UU>
    </AD_Process_Access>
    <AD_Process_Access type="table">
        <AD_Client_ID>0</AD_Client_ID>
        <AD_Org_ID>0</AD_Org_ID>
        <IsActive>Y</IsActive>
        <IsReadWrite>Y</IsReadWrite>
        <AD_Process_ID reference="uuid" reference-key="AD_Process">eedac9a6-4812-4a35-a313-2b27a872c0df</AD_Process_ID>
        <AD_Role_ID reference="uuid" reference-key="AD_Role">98617c31-55ff-48f9-bd44-253ef323d960</AD_Role_ID>
        <AD_Process_Access_UU>567c4ed6-db16-4c02-879a-566b048ae70c</AD_Process_Access_UU>
    </AD_Process_Access>
    <AD_Process_Access type="table">
        <AD_Client_ID>0</AD_Client_ID>
        <AD_Org_ID>0</AD_Org_ID>
        <IsActive>Y</IsActive>
        <IsReadWrite>Y</IsReadWrite>
        <AD_Process_ID reference="uuid" reference-key="AD_Process">793c5896-ff77-48bb-9591-c642e4b3feaa</AD_Process_ID>
        <AD_Role_ID reference="uuid" reference-key="AD_Role">98617c31-55ff-48f9-bd44-253ef323d960</AD_Role_ID>
        <AD_Process_Access_UU>9b18cece-ed62-486e-9c6d-fd4b2ca976f6</AD_Process_Access_UU>
    </AD_Process_Access>
</idempiere>
