<?xml version="1.0" encoding="UTF-8"?><idempiere Name="MOH Reports" Version="1.0.0.0" idempiereVersion="" DataBaseVersion="" Description="" Author="" AuthorEmail="" CreatedDate="2021-09-07 18:02:00.691" UpdatedDate="2021-09-07 18:13:05.404" PackOutVersion="100" UpdateDictionary="false" Client="0-SYSTEM-System" AD_Client_UU="11237b53-9592-4af1-b3c5-afd216514b5d">
    <AD_Process type="table">
        <AD_Client_ID>0</AD_Client_ID>
        <AD_Org_ID>0</AD_Org_ID>
        <IsActive>Y</IsActive>
        <Name>705B Main Report</Name>
        <Description/>
        <Help/>
        <ProcedureName/>
        <IsReport>N</IsReport>
        <Value>705B Main Report</Value>
        <IsDirectPrint>N</IsDirectPrint>
        <AD_ReportView_ID reference="id"/>
        <Classname/>
        <AccessLevel>3</AccessLevel>
        <EntityType>U</EntityType>
        <Statistic_Count>0</Statistic_Count>
        <Statistic_Seconds>0</Statistic_Seconds>
        <AD_PrintFormat_ID reference="id"/>
        <WorkflowValue/>
        <AD_Workflow_ID reference="id"/>
        <IsBetaFunctionality>N</IsBetaFunctionality>
        <IsServerProcess>N</IsServerProcess>
        <ShowHelp>Y</ShowHelp>
        <JasperReport>705B Main Report.jasper</JasperReport>
        <AD_Form_ID reference="id"/>
        <CopyFromProcess>N</CopyFromProcess>
        <AD_Process_UU>793c5896-ff77-48bb-9591-c642e4b3feaa</AD_Process_UU>
        <AD_CtxHelp_ID reference="id"/>
        <ExecutionType/>
        <AllowMultipleExecution>P</AllowMultipleExecution>
        <AD_Process_Trl type="translation">
            <Help/>
            <Description/>
            <Name>705B Main Report</Name>
            <AD_Language>zh_CN</AD_Language>
            <IsActive>Y</IsActive>
            <IsTranslated>N</IsTranslated>
        </AD_Process_Trl>
        <AD_Process_Trl type="translation">
            <Help/>
            <Description/>
            <Name>705B Main Report</Name>
            <AD_Language>fr_FR</AD_Language>
            <IsActive>Y</IsActive>
            <IsTranslated>N</IsTranslated>
        </AD_Process_Trl>
        <AD_Process_Para type="table">
            <AD_Client_ID>0</AD_Client_ID>
            <AD_Org_ID>0</AD_Org_ID>
            <IsActive>Y</IsActive>
            <Name>AD_Client_ID</Name>
            <Description/>
            <Help/>
            <AD_Process_ID reference="uuid" reference-key="AD_Process">793c5896-ff77-48bb-9591-c642e4b3feaa</AD_Process_ID>
            <SeqNo>10</SeqNo>
            <AD_Reference_ID reference="id">13</AD_Reference_ID>
            <AD_Reference_Value_ID reference="id"/>
            <IsRange>N</IsRange>
            <AD_Val_Rule_ID reference="id"/>
            <FieldLength>0</FieldLength>
            <IsMandatory>N</IsMandatory>
            <DefaultValue>@#AD_Client_ID@</DefaultValue>
            <VFormat/>
            <ValueMin/>
            <ValueMax/>
            <ColumnName>AD_Client_ID</ColumnName>
            <DefaultValue2/>
            <IsCentrallyMaintained>N</IsCentrallyMaintained>
            <EntityType>U</EntityType>
            <AD_Element_ID reference="id"/>
            <ReadOnlyLogic/>
            <DisplayLogic/>
            <AD_Process_Para_UU>ee03826d-3299-4fef-9b0b-c027f0b9cdfe</AD_Process_Para_UU>
            <IsEncrypted>N</IsEncrypted>
            <MandatoryLogic/>
            <Placeholder/>
            <Placeholder2/>
            <IsAutocomplete>N</IsAutocomplete>
            <AD_Process_Para_Trl type="translation">
                <Help/>
                <Name>AD_Client_ID</Name>
                <Description/>
                <Placeholder/>
                <Placeholder2/>
                <AD_Language>zh_CN</AD_Language>
                <IsActive>Y</IsActive>
                <IsTranslated>N</IsTranslated>
            </AD_Process_Para_Trl>
            <AD_Process_Para_Trl type="translation">
                <Help/>
                <Name>AD_Client_ID</Name>
                <Description/>
                <Placeholder/>
                <Placeholder2/>
                <AD_Language>fr_FR</AD_Language>
                <IsActive>Y</IsActive>
                <IsTranslated>N</IsTranslated>
            </AD_Process_Para_Trl>
        </AD_Process_Para>
    </AD_Process>
    <AD_Process type="table">
        <AD_Client_ID>0</AD_Client_ID>
        <AD_Org_ID>0</AD_Org_ID>
        <IsActive>Y</IsActive>
        <Name>705A Main Report</Name>
        <Description/>
        <Help/>
        <ProcedureName/>
        <IsReport>N</IsReport>
        <Value>705A Main Report</Value>
        <IsDirectPrint>N</IsDirectPrint>
        <AD_ReportView_ID reference="id"/>
        <Classname/>
        <AccessLevel>3</AccessLevel>
        <EntityType>U</EntityType>
        <Statistic_Count>0</Statistic_Count>
        <Statistic_Seconds>0</Statistic_Seconds>
        <AD_PrintFormat_ID reference="id"/>
        <WorkflowValue/>
        <AD_Workflow_ID reference="id"/>
        <IsBetaFunctionality>N</IsBetaFunctionality>
        <IsServerProcess>N</IsServerProcess>
        <ShowHelp>Y</ShowHelp>
        <JasperReport>705A Main Report.jasper</JasperReport>
        <AD_Form_ID reference="id"/>
        <CopyFromProcess>N</CopyFromProcess>
        <AD_Process_UU>eedac9a6-4812-4a35-a313-2b27a872c0df</AD_Process_UU>
        <AD_CtxHelp_ID reference="id"/>
        <ExecutionType/>
        <AllowMultipleExecution>P</AllowMultipleExecution>
        <AD_Process_Trl type="translation">
            <Help/>
            <Description/>
            <Name>705A Main Report</Name>
            <AD_Language>zh_CN</AD_Language>
            <IsActive>Y</IsActive>
            <IsTranslated>N</IsTranslated>
        </AD_Process_Trl>
        <AD_Process_Trl type="translation">
            <Help/>
            <Description/>
            <Name>705A Main Report</Name>
            <AD_Language>fr_FR</AD_Language>
            <IsActive>Y</IsActive>
            <IsTranslated>N</IsTranslated>
        </AD_Process_Trl>
        <AD_Process_Para type="table">
            <AD_Client_ID>0</AD_Client_ID>
            <AD_Org_ID>0</AD_Org_ID>
            <IsActive>Y</IsActive>
            <Name>AD_Client_ID</Name>
            <Description/>
            <Help/>
            <AD_Process_ID reference="uuid" reference-key="AD_Process">eedac9a6-4812-4a35-a313-2b27a872c0df</AD_Process_ID>
            <SeqNo>10</SeqNo>
            <AD_Reference_ID reference="id">13</AD_Reference_ID>
            <AD_Reference_Value_ID reference="id"/>
            <IsRange>N</IsRange>
            <AD_Val_Rule_ID reference="id"/>
            <FieldLength>0</FieldLength>
            <IsMandatory>N</IsMandatory>
            <DefaultValue>@#AD_Client_ID@</DefaultValue>
            <VFormat/>
            <ValueMin/>
            <ValueMax/>
            <ColumnName>AD_Client_ID</ColumnName>
            <DefaultValue2/>
            <IsCentrallyMaintained>N</IsCentrallyMaintained>
            <EntityType>U</EntityType>
            <AD_Element_ID reference="id"/>
            <ReadOnlyLogic/>
            <DisplayLogic/>
            <AD_Process_Para_UU>3886b4e7-7a7b-4c98-8190-2bdf59a5a5f4</AD_Process_Para_UU>
            <IsEncrypted>N</IsEncrypted>
            <MandatoryLogic/>
            <Placeholder/>
            <Placeholder2/>
            <IsAutocomplete>N</IsAutocomplete>
            <AD_Process_Para_Trl type="translation">
                <Help/>
                <Name>AD_Client_ID</Name>
                <Description/>
                <Placeholder/>
                <Placeholder2/>
                <AD_Language>zh_CN</AD_Language>
                <IsActive>Y</IsActive>
                <IsTranslated>N</IsTranslated>
            </AD_Process_Para_Trl>
            <AD_Process_Para_Trl type="translation">
                <Help/>
                <Name>AD_Client_ID</Name>
                <Description/>
                <Placeholder/>
                <Placeholder2/>
                <AD_Language>fr_FR</AD_Language>
                <IsActive>Y</IsActive>
                <IsTranslated>N</IsTranslated>
            </AD_Process_Para_Trl>
        </AD_Process_Para>
    </AD_Process>
    <BH_DbrdBtnGrp_Btn type="table">
        <AD_Client_ID>0</AD_Client_ID>
        <AD_Org_ID>0</AD_Org_ID>
        <AD_InfoWindow_ID reference="id"/>
        <AD_Window_ID reference="id"/>
        <BH_DbrdBtnGrp_Btn_UU>fac168b6-ca4e-4546-bcdc-fd47ae9c0ec8</BH_DbrdBtnGrp_Btn_UU>
        <ButtonClassName>button app big</ButtonClassName>
        <ButtonHelpText/>
        <ButtonText/>
        <Description/>
        <IconClassName/>
        <IsActive>Y</IsActive>
        <LineNo>0</LineNo>
        <Name>705A Main Report</Name>
        <BH_DbrdBtnGrp_ID reference="uuid" reference-key="BH_DbrdBtnGrp">9b44ce0e-3113-4690-ad0b-92b95b34c741</BH_DbrdBtnGrp_ID>
        <AD_Process_ID reference="uuid" reference-key="AD_Process">eedac9a6-4812-4a35-a313-2b27a872c0df</AD_Process_ID>
        <AD_Form_ID reference="id"/>
        <Included_Role_ID reference="id"/>
        <BH_DbrdBtnGrp_Btn_Trl type="translation">
            <ButtonHelpText/>
            <Description/>
            <ButtonText/>
            <Name>705A Main Report</Name>
            <AD_Language>zh_CN</AD_Language>
            <IsActive>Y</IsActive>
            <IsTranslated>N</IsTranslated>
        </BH_DbrdBtnGrp_Btn_Trl>
        <BH_DbrdBtnGrp_Btn_Trl type="translation">
            <ButtonHelpText/>
            <Description/>
            <ButtonText/>
            <Name>705A Main Report</Name>
            <AD_Language>fr_FR</AD_Language>
            <IsActive>Y</IsActive>
            <IsTranslated>N</IsTranslated>
        </BH_DbrdBtnGrp_Btn_Trl>
    </BH_DbrdBtnGrp_Btn>
    <BH_DbrdBtnGrp_Btn type="table">
        <AD_Client_ID>0</AD_Client_ID>
        <AD_Org_ID>0</AD_Org_ID>
        <AD_InfoWindow_ID reference="id"/>
        <AD_Window_ID reference="id"/>
        <BH_DbrdBtnGrp_Btn_UU>ea0c6d96-e65f-4748-baaf-ca6f67d4c31b</BH_DbrdBtnGrp_Btn_UU>
        <ButtonClassName>button app big</ButtonClassName>
        <ButtonHelpText/>
        <ButtonText/>
        <Description/>
        <IconClassName/>
        <IsActive>Y</IsActive>
        <LineNo>0</LineNo>
        <Name>705B Main Report</Name>
        <BH_DbrdBtnGrp_ID reference="uuid" reference-key="BH_DbrdBtnGrp">9b44ce0e-3113-4690-ad0b-92b95b34c741</BH_DbrdBtnGrp_ID>
        <AD_Process_ID reference="uuid" reference-key="AD_Process">793c5896-ff77-48bb-9591-c642e4b3feaa</AD_Process_ID>
        <AD_Form_ID reference="id"/>
        <Included_Role_ID reference="id"/>
        <BH_DbrdBtnGrp_Btn_Trl type="translation">
            <ButtonHelpText/>
            <Description/>
            <ButtonText/>
            <Name>705B Main Report</Name>
            <AD_Language>zh_CN</AD_Language>
            <IsActive>Y</IsActive>
            <IsTranslated>N</IsTranslated>
        </BH_DbrdBtnGrp_Btn_Trl>
        <BH_DbrdBtnGrp_Btn_Trl type="translation">
            <ButtonHelpText/>
            <Description/>
            <ButtonText/>
            <Name>705B Main Report</Name>
            <AD_Language>fr_FR</AD_Language>
            <IsActive>Y</IsActive>
            <IsTranslated>N</IsTranslated>
        </BH_DbrdBtnGrp_Btn_Trl>
    </BH_DbrdBtnGrp_Btn>
</idempiere>
