<?xml version="1.0" encoding="UTF-8"?><idempiere Name="ExportBtnGroupExtraColumn" Version="1.0.0" idempiereVersion="" DataBaseVersion="" Description="" Author="" AuthorEmail="" CreatedDate="2019-02-20 12:58:55.906" UpdatedDate="2019-02-20 13:00:15.648" PackOutVersion="100" UpdateDictionary="false" Client="0-SYSTEM-System" AD_Client_UU="11237b53-9592-4af1-b3c5-afd216514b5d">
    <BH_DbrdBtnGrp_Btn type="table">
        <AD_Client_ID>0</AD_Client_ID>
        <AD_Org_ID>0</AD_Org_ID>
        <AD_InfoWindow_ID reference="id">200000</AD_InfoWindow_ID>
        <AD_Window_ID reference="id"/>
        <BH_DbrdBtnGrp_Btn_UU>a3be1b18-3ac7-48c0-aa95-a0d702a6924b</BH_DbrdBtnGrp_Btn_UU>
        <ButtonClassName>button app big</ButtonClassName>
        <ButtonHelpText>Product Info</ButtonHelpText>
        <ButtonText>Product Info</ButtonText>
        <Description>Product Info Window</Description>
        <IconClassName>fab fa-product-hunt</IconClassName>
        <IsActive>N</IsActive>
        <LineNo>40</LineNo>
        <Name>Product Info</Name>
        <BH_DbrdBtnGrp_ID reference="uuid" reference-key="BH_DbrdBtnGrp">bdd761f1-7979-4d87-9c5e-137c6210e9a1</BH_DbrdBtnGrp_ID>
        <AD_Process_ID reference="id"/>
        <AD_Form_ID reference="id"/>
        <Included_Role_ID reference="id"/>
    </BH_DbrdBtnGrp_Btn>
    <BH_DbrdBtnGrp_Btn type="table">
        <AD_Client_ID>0</AD_Client_ID>
        <AD_Org_ID>0</AD_Org_ID>
        <AD_InfoWindow_ID reference="id"/>
        <AD_Window_ID reference="uuid" reference-key="AD_Window">37df7931-7d07-4812-b9d4-dec7a53bb70f</AD_Window_ID>
        <BH_DbrdBtnGrp_Btn_UU>44f2267a-f38f-4397-b531-8186ac6fd54c</BH_DbrdBtnGrp_Btn_UU>
        <ButtonClassName>button app big</ButtonClassName>
        <ButtonHelpText>Track Expenses</ButtonHelpText>
        <ButtonText>Track Expenses</ButtonText>
        <Description/>
        <IconClassName>fas fa-clipboard-list</IconClassName>
        <IsActive>N</IsActive>
        <LineNo>70</LineNo>
        <Name>Track Expenses</Name>
        <BH_DbrdBtnGrp_ID reference="uuid" reference-key="BH_DbrdBtnGrp">bdd761f1-7979-4d87-9c5e-137c6210e9a1</BH_DbrdBtnGrp_ID>
        <AD_Process_ID reference="id"/>
        <AD_Form_ID reference="id"/>
        <Included_Role_ID reference="id"/>
    </BH_DbrdBtnGrp_Btn>
    <BH_DbrdBtnGrp_Btn type="table">
        <AD_Client_ID>0</AD_Client_ID>
        <AD_Org_ID>0</AD_Org_ID>
        <AD_InfoWindow_ID reference="id"/>
        <AD_Window_ID reference="uuid" reference-key="AD_Window">1ff826b1-47e3-4101-b2a3-75ed84aafbbd</AD_Window_ID>
        <BH_DbrdBtnGrp_Btn_UU>a7055196-db84-4a45-bea2-e07c4af1f4ee</BH_DbrdBtnGrp_Btn_UU>
        <ButtonClassName>button app big</ButtonClassName>
        <ButtonHelpText>Physical Inventory</ButtonHelpText>
        <ButtonText>Physical Inventory</ButtonText>
        <Description/>
        <IconClassName>fas fa-warehouse</IconClassName>
        <IsActive>N</IsActive>
        <LineNo>40</LineNo>
        <Name>BH  Physical Inventory</Name>
        <BH_DbrdBtnGrp_ID reference="uuid" reference-key="BH_DbrdBtnGrp">bdd761f1-7979-4d87-9c5e-137c6210e9a1</BH_DbrdBtnGrp_ID>
        <AD_Process_ID reference="id"/>
        <AD_Form_ID reference="id"/>
        <Included_Role_ID reference="id"/>
    </BH_DbrdBtnGrp_Btn>
    <BH_DbrdBtnGrp_Btn type="table">
        <AD_Client_ID>0</AD_Client_ID>
        <AD_Org_ID>0</AD_Org_ID>
        <AD_InfoWindow_ID reference="id"/>
        <AD_Window_ID reference="uuid" reference-key="AD_Window">78dd6f39-84f9-4e19-b08e-7a3441af15e5</AD_Window_ID>
        <BH_DbrdBtnGrp_Btn_UU>5c10bdcf-3559-4133-86c9-57321f40f5fd</BH_DbrdBtnGrp_Btn_UU>
        <ButtonClassName>button app big</ButtonClassName>
        <ButtonHelpText>Receive Goods</ButtonHelpText>
        <ButtonText>Receive Goods</ButtonText>
        <Description/>
        <IconClassName>fas fa-people-carry</IconClassName>
        <IsActive>N</IsActive>
        <LineNo>40</LineNo>
        <Name>BH  Receive Goods</Name>
        <BH_DbrdBtnGrp_ID reference="uuid" reference-key="BH_DbrdBtnGrp">bdd761f1-7979-4d87-9c5e-137c6210e9a1</BH_DbrdBtnGrp_ID>
        <AD_Process_ID reference="id"/>
        <AD_Form_ID reference="id"/>
        <Included_Role_ID reference="id"/>
    </BH_DbrdBtnGrp_Btn>
    <BH_DbrdBtnGrp_Btn type="table">
        <AD_Client_ID>0</AD_Client_ID>
        <AD_Org_ID>0</AD_Org_ID>
        <AD_InfoWindow_ID reference="id"/>
        <AD_Window_ID reference="uuid" reference-key="AD_Window">565af89e-8f10-4469-84f5-6cca8d7fae27</AD_Window_ID>
        <BH_DbrdBtnGrp_Btn_UU>64746aed-41f0-4cef-a7d8-3c574d12639f</BH_DbrdBtnGrp_Btn_UU>
        <ButtonClassName>button app big</ButtonClassName>
        <ButtonHelpText>Enter vendors into the system</ButtonHelpText>
        <ButtonText>My Suppliers</ButtonText>
        <Description>Vendors</Description>
        <IconClassName>fas fa-handshake</IconClassName>
        <IsActive>Y</IsActive>
        <LineNo>30</LineNo>
        <Name>My Suppliers</Name>
        <BH_DbrdBtnGrp_ID reference="uuid" reference-key="BH_DbrdBtnGrp">07a74193-a3e1-41e0-843b-d612c4cd99f5</BH_DbrdBtnGrp_ID>
        <AD_Process_ID reference="id"/>
        <AD_Form_ID reference="id"/>
        <Included_Role_ID reference="uuid" reference-key="AD_Role">25803a32-914b-4e6d-9a69-46b369ad672a</Included_Role_ID>
    </BH_DbrdBtnGrp_Btn>
    <BH_DbrdBtnGrp_Btn type="table">
        <AD_Client_ID>0</AD_Client_ID>
        <AD_Org_ID>0</AD_Org_ID>
        <AD_InfoWindow_ID reference="id"/>
        <AD_Window_ID reference="uuid" reference-key="AD_Window">ba697729-5ec8-44f7-b534-446310bb5782</AD_Window_ID>
        <BH_DbrdBtnGrp_Btn_UU>4dd0e4df-20bc-48cd-9bb9-358af7954601</BH_DbrdBtnGrp_Btn_UU>
        <ButtonClassName>button app big</ButtonClassName>
        <ButtonHelpText>Enter patients into the system</ButtonHelpText>
        <ButtonText>My Patients</ButtonText>
        <Description>Patients</Description>
        <IconClassName>fas fa-users</IconClassName>
        <IsActive>Y</IsActive>
        <LineNo>20</LineNo>
        <Name>My Patients</Name>
        <BH_DbrdBtnGrp_ID reference="uuid" reference-key="BH_DbrdBtnGrp">07a74193-a3e1-41e0-843b-d612c4cd99f5</BH_DbrdBtnGrp_ID>
        <AD_Process_ID reference="id"/>
        <AD_Form_ID reference="id"/>
        <Included_Role_ID reference="uuid" reference-key="AD_Role">e0a36cce-cf9f-456b-a431-71bc41285983</Included_Role_ID>
    </BH_DbrdBtnGrp_Btn>
    <BH_DbrdBtnGrp_Btn type="table">
        <AD_Client_ID>0</AD_Client_ID>
        <AD_Org_ID>0</AD_Org_ID>
        <AD_InfoWindow_ID reference="id">200000</AD_InfoWindow_ID>
        <AD_Window_ID reference="uuid" reference-key="AD_Window">c63b9972-1b23-4140-8bbb-0ea2b0b81024</AD_Window_ID>
        <BH_DbrdBtnGrp_Btn_UU>beade859-7122-41da-834f-f7a8ac5a81d5</BH_DbrdBtnGrp_Btn_UU>
        <ButtonClassName>button app big</ButtonClassName>
        <ButtonHelpText>View Products</ButtonHelpText>
        <ButtonText>My Products</ButtonText>
        <Description>An Icon for the product window</Description>
        <IconClassName>fa fa-pills</IconClassName>
        <IsActive>Y</IsActive>
        <LineNo>10</LineNo>
        <Name>Product Icon</Name>
        <BH_DbrdBtnGrp_ID reference="uuid" reference-key="BH_DbrdBtnGrp">bdd761f1-7979-4d87-9c5e-137c6210e9a1</BH_DbrdBtnGrp_ID>
        <AD_Process_ID reference="id"/>
        <AD_Form_ID reference="id"/>
        <Included_Role_ID reference="uuid" reference-key="AD_Role">2b30c5ae-d1a8-426b-bb68-e3b56e69cd56</Included_Role_ID>
    </BH_DbrdBtnGrp_Btn>
    <BH_DbrdBtnGrp_Btn type="table">
        <AD_Client_ID>0</AD_Client_ID>
        <AD_Org_ID>0</AD_Org_ID>
        <AD_InfoWindow_ID reference="id"/>
        <AD_Window_ID reference="uuid" reference-key="AD_Window">fd93da00-871d-4996-a3f7-4528bed8b758</AD_Window_ID>
        <BH_DbrdBtnGrp_Btn_UU>a27677ca-cc76-4595-af41-9909d5500f93</BH_DbrdBtnGrp_Btn_UU>
        <ButtonClassName>button app big</ButtonClassName>
        <ButtonHelpText>View Services</ButtonHelpText>
        <ButtonText>My Services</ButtonText>
        <Description>An Icon for the services window</Description>
        <IconClassName>fa fa-user-md</IconClassName>
        <IsActive>Y</IsActive>
        <LineNo>20</LineNo>
        <Name>Services Icon</Name>
        <BH_DbrdBtnGrp_ID reference="uuid" reference-key="BH_DbrdBtnGrp">bdd761f1-7979-4d87-9c5e-137c6210e9a1</BH_DbrdBtnGrp_ID>
        <AD_Process_ID reference="id"/>
        <AD_Form_ID reference="id"/>
        <Included_Role_ID reference="uuid" reference-key="AD_Role">df33be5f-37c8-4fff-a2f7-bd7ddd6aa453</Included_Role_ID>
    </BH_DbrdBtnGrp_Btn>
    <BH_DbrdBtnGrp_Btn type="table">
        <AD_Client_ID>0</AD_Client_ID>
        <AD_Org_ID>0</AD_Org_ID>
        <AD_InfoWindow_ID reference="id"/>
        <AD_Window_ID reference="uuid" reference-key="AD_Window">5731bc45-3b78-475a-a347-4ca899f19e32</AD_Window_ID>
        <BH_DbrdBtnGrp_Btn_UU>8f5d51d4-e64e-4784-bcfa-cf96330f6422</BH_DbrdBtnGrp_Btn_UU>
        <ButtonClassName>button app big</ButtonClassName>
        <ButtonHelpText/>
        <ButtonText>My Expenses</ButtonText>
        <Description/>
        <IconClassName>fab fa-etsy</IconClassName>
        <IsActive>Y</IsActive>
        <LineNo>30</LineNo>
        <Name>Expenses</Name>
        <BH_DbrdBtnGrp_ID reference="uuid" reference-key="BH_DbrdBtnGrp">bdd761f1-7979-4d87-9c5e-137c6210e9a1</BH_DbrdBtnGrp_ID>
        <AD_Process_ID reference="id"/>
        <AD_Form_ID reference="id"/>
        <Included_Role_ID reference="uuid" reference-key="AD_Role">2abc387b-7602-416b-8834-5706f677a927</Included_Role_ID>
    </BH_DbrdBtnGrp_Btn>
    <BH_DbrdBtnGrp_Btn type="table">
        <AD_Client_ID>0</AD_Client_ID>
        <AD_Org_ID>0</AD_Org_ID>
        <AD_InfoWindow_ID reference="id"/>
        <AD_Window_ID reference="uuid" reference-key="AD_Window">37df7931-7d07-4812-b9d4-dec7a53bb70f</AD_Window_ID>
        <BH_DbrdBtnGrp_Btn_UU>2bd2f18b-7fe9-4079-b074-8dc113b98714</BH_DbrdBtnGrp_Btn_UU>
        <ButtonClassName>button app big</ButtonClassName>
        <ButtonHelpText>Track your expenses </ButtonHelpText>
        <ButtonText>Track My Expenses</ButtonText>
        <Description>Track expenses</Description>
        <IconClassName>fa fa-tags</IconClassName>
        <IsActive>Y</IsActive>
        <LineNo>20</LineNo>
        <Name>BH Expenditure</Name>
        <BH_DbrdBtnGrp_ID reference="uuid" reference-key="BH_DbrdBtnGrp">7bb37357-bf59-4f7e-b891-06711234ea72</BH_DbrdBtnGrp_ID>
        <AD_Process_ID reference="id"/>
        <AD_Form_ID reference="id"/>
        <Included_Role_ID reference="uuid" reference-key="AD_Role">f06c27e5-a4b9-4803-8b04-ebbe494d6fa1</Included_Role_ID>
    </BH_DbrdBtnGrp_Btn>
    <BH_DbrdBtnGrp_Btn type="table">
        <AD_Client_ID>0</AD_Client_ID>
        <AD_Org_ID>0</AD_Org_ID>
        <AD_InfoWindow_ID reference="id"/>
        <AD_Window_ID reference="uuid" reference-key="AD_Window">a1f3e45c-4a6f-4c05-af26-517b8e9cbb77</AD_Window_ID>
        <BH_DbrdBtnGrp_Btn_UU>35e36aad-3667-4212-80b1-7693725db473</BH_DbrdBtnGrp_Btn_UU>
        <ButtonClassName>button app big</ButtonClassName>
        <ButtonHelpText>Create Patient Bill</ButtonHelpText>
        <ButtonText>Create Patient Bill</ButtonText>
        <Description>Create billing for a patient</Description>
        <IconClassName>far fa-money-bill-alt</IconClassName>
        <IsActive>Y</IsActive>
        <LineNo>10</LineNo>
        <Name>Sales Order</Name>
        <BH_DbrdBtnGrp_ID reference="uuid" reference-key="BH_DbrdBtnGrp">7bb37357-bf59-4f7e-b891-06711234ea72</BH_DbrdBtnGrp_ID>
        <AD_Process_ID reference="id"/>
        <AD_Form_ID reference="id"/>
        <Included_Role_ID reference="uuid" reference-key="AD_Role">6c608685-6874-47e1-9c55-06a62f67f340</Included_Role_ID>
    </BH_DbrdBtnGrp_Btn>
    <BH_DbrdBtnGrp_Btn type="table">
        <AD_Client_ID>0</AD_Client_ID>
        <AD_Org_ID>0</AD_Org_ID>
        <AD_InfoWindow_ID reference="id"/>
        <AD_Window_ID reference="uuid" reference-key="AD_Window">4497b5f7-758d-4e82-8e2b-01c4364ce609</AD_Window_ID>
        <BH_DbrdBtnGrp_Btn_UU>f0a2ba7a-765c-4239-bb91-910ee85e6017</BH_DbrdBtnGrp_Btn_UU>
        <ButtonClassName>button app big</ButtonClassName>
        <ButtonHelpText>Pay on Outstanding Balance</ButtonHelpText>
        <ButtonText>Pay Outstanding Balance</ButtonText>
        <Description>Receive settlement for an outstanding bill</Description>
        <IconClassName>far fa-money-bill-alt</IconClassName>
        <IsActive>Y</IsActive>
        <LineNo>20</LineNo>
        <Name>Service Debt</Name>
        <BH_DbrdBtnGrp_ID reference="uuid" reference-key="BH_DbrdBtnGrp">7bb37357-bf59-4f7e-b891-06711234ea72</BH_DbrdBtnGrp_ID>
        <AD_Process_ID reference="id"/>
        <AD_Form_ID reference="id"/>
        <Included_Role_ID reference="uuid" reference-key="AD_Role">c5e312b6-b36b-4a89-92c7-653d6238f2b4</Included_Role_ID>
    </BH_DbrdBtnGrp_Btn>
    <BH_DbrdBtnGrp_Btn type="table">
        <AD_Client_ID>0</AD_Client_ID>
        <AD_Org_ID>0</AD_Org_ID>
        <AD_InfoWindow_ID reference="id"/>
        <AD_Window_ID reference="uuid" reference-key="AD_Window">8f744d1c-427a-4b85-ab98-38e50258e86d</AD_Window_ID>
        <BH_DbrdBtnGrp_Btn_UU>a3ce69ef-8577-4458-a0c2-94f7606088da</BH_DbrdBtnGrp_Btn_UU>
        <ButtonClassName>button app big</ButtonClassName>
        <ButtonHelpText>Balance My Stock Levels</ButtonHelpText>
        <ButtonText>Balance My Stock Levels</ButtonText>
        <Description>View received inventory levels</Description>
        <IconClassName>fab fa-product-hunt</IconClassName>
        <IsActive>Y</IsActive>
        <LineNo>20</LineNo>
        <Name>View Stock Take</Name>
        <BH_DbrdBtnGrp_ID reference="uuid" reference-key="BH_DbrdBtnGrp">963fb728-5261-48ea-a462-d74ace913dea</BH_DbrdBtnGrp_ID>
        <AD_Process_ID reference="id"/>
        <AD_Form_ID reference="id"/>
        <Included_Role_ID reference="uuid" reference-key="AD_Role">f1baf359-ee08-4865-8b66-a662d4941c02</Included_Role_ID>
    </BH_DbrdBtnGrp_Btn>
    <BH_DbrdBtnGrp_Btn type="table">
        <AD_Client_ID>0</AD_Client_ID>
        <AD_Org_ID>0</AD_Org_ID>
        <AD_InfoWindow_ID reference="id"/>
        <AD_Window_ID reference="uuid" reference-key="AD_Window">78dd6f39-84f9-4e19-b08e-7a3441af15e5</AD_Window_ID>
        <BH_DbrdBtnGrp_Btn_UU>674a0a2b-2eda-4502-984e-2ee4b63dcc7a</BH_DbrdBtnGrp_Btn_UU>
        <ButtonClassName>button app big</ButtonClassName>
        <ButtonHelpText>Receive My Products</ButtonHelpText>
        <ButtonText>Receive My Products</ButtonText>
        <Description/>
        <IconClassName>fas fa-people-carry</IconClassName>
        <IsActive>Y</IsActive>
        <LineNo>10</LineNo>
        <Name>BH  Receive Goods</Name>
        <BH_DbrdBtnGrp_ID reference="uuid" reference-key="BH_DbrdBtnGrp">963fb728-5261-48ea-a462-d74ace913dea</BH_DbrdBtnGrp_ID>
        <AD_Process_ID reference="id"/>
        <AD_Form_ID reference="id"/>
        <Included_Role_ID reference="uuid" reference-key="AD_Role">dc551b49-c648-4a70-8385-9d25971e3891</Included_Role_ID>
    </BH_DbrdBtnGrp_Btn>
    <BH_DbrdBtnGrp_Btn type="table">
        <AD_Client_ID>0</AD_Client_ID>
        <AD_Org_ID>0</AD_Org_ID>
        <AD_InfoWindow_ID reference="id"/>
        <AD_Window_ID reference="id"/>
        <BH_DbrdBtnGrp_Btn_UU>a605d489-b8fe-4d10-8139-1dac76ed7c96</BH_DbrdBtnGrp_Btn_UU>
        <ButtonClassName>button app big</ButtonClassName>
        <ButtonHelpText>Metrics</ButtonHelpText>
        <ButtonText>Metrics</ButtonText>
        <Description>A home button that loads a dashboard with clinic metrics</Description>
        <IconClassName>fas fa-h-square</IconClassName>
        <IsActive>Y</IsActive>
        <LineNo>10</LineNo>
        <Name>Metrics</Name>
        <BH_DbrdBtnGrp_ID reference="uuid" reference-key="BH_DbrdBtnGrp">c22da644-6194-4290-9533-16db523930ed</BH_DbrdBtnGrp_ID>
        <AD_Process_ID reference="id"/>
        <AD_Form_ID reference="uuid" reference-key="AD_Form">03ea6763-f298-4468-bab6-045d3e853685</AD_Form_ID>
        <Included_Role_ID reference="uuid" reference-key="AD_Role">916f3c6c-840f-491d-9bd7-8f11f34f6868</Included_Role_ID>
    </BH_DbrdBtnGrp_Btn>
    <BH_DbrdBtnGrp_Btn type="table">
        <AD_Client_ID>0</AD_Client_ID>
        <AD_Org_ID>0</AD_Org_ID>
        <AD_InfoWindow_ID reference="id"/>
        <AD_Window_ID reference="id"/>
        <BH_DbrdBtnGrp_Btn_UU>a897946d-d939-4f38-a5c9-4aee9be6393d</BH_DbrdBtnGrp_Btn_UU>
        <ButtonClassName>button app big</ButtonClassName>
        <ButtonHelpText>Shows graphical analysis on stored data</ButtonHelpText>
        <ButtonText>Metrics</ButtonText>
        <Description>Shows graphical analysis on stored data</Description>
        <IconClassName>fas fa-h-square</IconClassName>
        <IsActive>Y</IsActive>
        <LineNo>10</LineNo>
        <Name>Metrics</Name>
        <BH_DbrdBtnGrp_ID reference="uuid" reference-key="BH_DbrdBtnGrp">c22da644-6194-4290-9533-16db523930ed</BH_DbrdBtnGrp_ID>
        <AD_Process_ID reference="id"/>
        <AD_Form_ID reference="uuid" reference-key="AD_Form">03ea6763-f298-4468-bab6-045d3e853685</AD_Form_ID>
        <Included_Role_ID reference="uuid" reference-key="AD_Role">916f3c6c-840f-491d-9bd7-8f11f34f6868</Included_Role_ID>
    </BH_DbrdBtnGrp_Btn>
</idempiere>
