<?xml version="1.0" encoding="UTF-8"?><idempiere Name="BH_BaseRoles" Version="1.0.6" idempiereVersion="" DataBaseVersion="" Description="Definition of all base roles for BandaGo                                                                                                                                                                                                                                                                                                                                              + Added donor fund and stock discrepancy base role" Author="" AuthorEmail="" CreatedDate="2019-02-22 18:09:18.375" UpdatedDate="2019-10-14 08:20:43.008" PackOutVersion="100" UpdateDictionary="false" Client="0-SYSTEM-System" AD_Client_UU="11237b53-9592-4af1-b3c5-afd216514b5d">
    <AD_Role type="table">
        <AD_Client_ID>0</AD_Client_ID>
        <AD_Org_ID>0</AD_Org_ID>
        <Name>Manage Receive Products</Name>
        <Description>Add products to inventory/storage locations</Description>
        <UserLevel>S  </UserLevel>
        <IsActive>Y</IsActive>
        <C_Currency_ID reference="id"/>
        <AmtApproval>0</AmtApproval>
        <AD_Tree_Menu_ID reference="id"/>
        <IsManual>Y</IsManual>
        <IsPersonalAccess>N</IsPersonalAccess>
        <IsShowAcct>N</IsShowAcct>
        <IsPersonalLock>N</IsPersonalLock>
        <IsCanReport>Y</IsCanReport>
        <IsCanExport>Y</IsCanExport>
        <Supervisor_ID reference="id"/>
        <IsCanApproveOwnDoc>N</IsCanApproveOwnDoc>
        <IsAccessAllOrgs>N</IsAccessAllOrgs>
        <IsChangeLog>N</IsChangeLog>
        <PreferenceType>O</PreferenceType>
        <OverwritePriceLimit>N</OverwritePriceLimit>
        <AD_Tree_Org_ID reference="id"/>
        <IsUseUserOrgAccess>N</IsUseUserOrgAccess>
        <ConfirmQueryRecords>0</ConfirmQueryRecords>
        <MaxQueryRecords>0</MaxQueryRecords>
        <Allow_Info_Account>Y</Allow_Info_Account>
        <Allow_Info_Asset>Y</Allow_Info_Asset>
        <Allow_Info_BPartner>Y</Allow_Info_BPartner>
        <Allow_Info_InOut>Y</Allow_Info_InOut>
        <Allow_Info_Invoice>Y</Allow_Info_Invoice>
        <Allow_Info_Order>Y</Allow_Info_Order>
        <Allow_Info_Payment>Y</Allow_Info_Payment>
        <Allow_Info_Product>Y</Allow_Info_Product>
        <Allow_Info_Resource>Y</Allow_Info_Resource>
        <Allow_Info_Schedule>Y</Allow_Info_Schedule>
        <UserDiscount/>
        <IsDiscountUptoLimitPrice>N</IsDiscountUptoLimitPrice>
        <IsDiscountAllowedOnTotal>N</IsDiscountAllowedOnTotal>
        <AmtApprovalAccum>0</AmtApprovalAccum>
        <DaysApprovalAccum>0</DaysApprovalAccum>
        <AD_Role_UU>dc551b49-c648-4a70-8385-9d25971e3891</AD_Role_UU>
        <IsMenuAutoExpand>N</IsMenuAutoExpand>
        <IsMasterRole>Y</IsMasterRole>
        <IsAccessAdvanced>Y</IsAccessAdvanced>
    </AD_Role>
    <AD_Role type="table">
        <AD_Client_ID>0</AD_Client_ID>
        <AD_Org_ID>0</AD_Org_ID>
        <Name>Manage Patients</Name>
        <Description>Add, delete and edit patient registrations </Description>
        <UserLevel>S  </UserLevel>
        <IsActive>Y</IsActive>
        <C_Currency_ID reference="id"/>
        <AmtApproval>0</AmtApproval>
        <AD_Tree_Menu_ID reference="id"/>
        <IsManual>Y</IsManual>
        <IsPersonalAccess>N</IsPersonalAccess>
        <IsShowAcct>N</IsShowAcct>
        <IsPersonalLock>N</IsPersonalLock>
        <IsCanReport>Y</IsCanReport>
        <IsCanExport>Y</IsCanExport>
        <Supervisor_ID reference="id"/>
        <IsCanApproveOwnDoc>N</IsCanApproveOwnDoc>
        <IsAccessAllOrgs>N</IsAccessAllOrgs>
        <IsChangeLog>N</IsChangeLog>
        <PreferenceType>O</PreferenceType>
        <OverwritePriceLimit>N</OverwritePriceLimit>
        <AD_Tree_Org_ID reference="id"/>
        <IsUseUserOrgAccess>N</IsUseUserOrgAccess>
        <ConfirmQueryRecords>0</ConfirmQueryRecords>
        <MaxQueryRecords>0</MaxQueryRecords>
        <Allow_Info_Account>Y</Allow_Info_Account>
        <Allow_Info_Asset>Y</Allow_Info_Asset>
        <Allow_Info_BPartner>Y</Allow_Info_BPartner>
        <Allow_Info_InOut>Y</Allow_Info_InOut>
        <Allow_Info_Invoice>Y</Allow_Info_Invoice>
        <Allow_Info_Order>Y</Allow_Info_Order>
        <Allow_Info_Payment>Y</Allow_Info_Payment>
        <Allow_Info_Product>Y</Allow_Info_Product>
        <Allow_Info_Resource>Y</Allow_Info_Resource>
        <Allow_Info_Schedule>Y</Allow_Info_Schedule>
        <UserDiscount/>
        <IsDiscountUptoLimitPrice>N</IsDiscountUptoLimitPrice>
        <IsDiscountAllowedOnTotal>N</IsDiscountAllowedOnTotal>
        <AmtApprovalAccum>0</AmtApprovalAccum>
        <DaysApprovalAccum>0</DaysApprovalAccum>
        <AD_Role_UU>e0a36cce-cf9f-456b-a431-71bc41285983</AD_Role_UU>
        <IsMenuAutoExpand>N</IsMenuAutoExpand>
        <IsMasterRole>Y</IsMasterRole>
        <IsAccessAdvanced>Y</IsAccessAdvanced>
    </AD_Role>
    <AD_Role type="table">
        <AD_Client_ID>0</AD_Client_ID>
        <AD_Org_ID>0</AD_Org_ID>
        <Name>Manage Products</Name>
        <Description>Add, remove and edit  products sold and their prices.</Description>
        <UserLevel>S  </UserLevel>
        <IsActive>Y</IsActive>
        <C_Currency_ID reference="id"/>
        <AmtApproval>0</AmtApproval>
        <AD_Tree_Menu_ID reference="id"/>
        <IsManual>Y</IsManual>
        <IsPersonalAccess>N</IsPersonalAccess>
        <IsShowAcct>N</IsShowAcct>
        <IsPersonalLock>N</IsPersonalLock>
        <IsCanReport>Y</IsCanReport>
        <IsCanExport>Y</IsCanExport>
        <Supervisor_ID reference="id"/>
        <IsCanApproveOwnDoc>N</IsCanApproveOwnDoc>
        <IsAccessAllOrgs>N</IsAccessAllOrgs>
        <IsChangeLog>N</IsChangeLog>
        <PreferenceType>O</PreferenceType>
        <OverwritePriceLimit>N</OverwritePriceLimit>
        <AD_Tree_Org_ID reference="id"/>
        <IsUseUserOrgAccess>N</IsUseUserOrgAccess>
        <ConfirmQueryRecords>0</ConfirmQueryRecords>
        <MaxQueryRecords>0</MaxQueryRecords>
        <Allow_Info_Account>Y</Allow_Info_Account>
        <Allow_Info_Asset>Y</Allow_Info_Asset>
        <Allow_Info_BPartner>Y</Allow_Info_BPartner>
        <Allow_Info_InOut>Y</Allow_Info_InOut>
        <Allow_Info_Invoice>Y</Allow_Info_Invoice>
        <Allow_Info_Order>Y</Allow_Info_Order>
        <Allow_Info_Payment>Y</Allow_Info_Payment>
        <Allow_Info_Product>Y</Allow_Info_Product>
        <Allow_Info_Resource>Y</Allow_Info_Resource>
        <Allow_Info_Schedule>Y</Allow_Info_Schedule>
        <UserDiscount/>
        <IsDiscountUptoLimitPrice>N</IsDiscountUptoLimitPrice>
        <IsDiscountAllowedOnTotal>N</IsDiscountAllowedOnTotal>
        <AmtApprovalAccum>0</AmtApprovalAccum>
        <DaysApprovalAccum>0</DaysApprovalAccum>
        <AD_Role_UU>2b30c5ae-d1a8-426b-bb68-e3b56e69cd56</AD_Role_UU>
        <IsMenuAutoExpand>N</IsMenuAutoExpand>
        <IsMasterRole>Y</IsMasterRole>
        <IsAccessAdvanced>Y</IsAccessAdvanced>
    </AD_Role>
    <AD_Role type="table">
        <AD_Client_ID>0</AD_Client_ID>
        <AD_Org_ID>0</AD_Org_ID>
        <Name>Manage Metrics</Name>
        <Description>View graphical data on specified parameters within the system</Description>
        <UserLevel>S  </UserLevel>
        <IsActive>Y</IsActive>
        <C_Currency_ID reference="id"/>
        <AmtApproval>0</AmtApproval>
        <AD_Tree_Menu_ID reference="id"/>
        <IsManual>Y</IsManual>
        <IsPersonalAccess>N</IsPersonalAccess>
        <IsShowAcct>N</IsShowAcct>
        <IsPersonalLock>N</IsPersonalLock>
        <IsCanReport>Y</IsCanReport>
        <IsCanExport>Y</IsCanExport>
        <Supervisor_ID reference="id"/>
        <IsCanApproveOwnDoc>N</IsCanApproveOwnDoc>
        <IsAccessAllOrgs>N</IsAccessAllOrgs>
        <IsChangeLog>N</IsChangeLog>
        <PreferenceType>O</PreferenceType>
        <OverwritePriceLimit>N</OverwritePriceLimit>
        <AD_Tree_Org_ID reference="id"/>
        <IsUseUserOrgAccess>N</IsUseUserOrgAccess>
        <ConfirmQueryRecords>0</ConfirmQueryRecords>
        <MaxQueryRecords>0</MaxQueryRecords>
        <Allow_Info_Account>Y</Allow_Info_Account>
        <Allow_Info_Asset>Y</Allow_Info_Asset>
        <Allow_Info_BPartner>Y</Allow_Info_BPartner>
        <Allow_Info_InOut>Y</Allow_Info_InOut>
        <Allow_Info_Invoice>Y</Allow_Info_Invoice>
        <Allow_Info_Order>Y</Allow_Info_Order>
        <Allow_Info_Payment>Y</Allow_Info_Payment>
        <Allow_Info_Product>Y</Allow_Info_Product>
        <Allow_Info_Resource>Y</Allow_Info_Resource>
        <Allow_Info_Schedule>Y</Allow_Info_Schedule>
        <UserDiscount/>
        <IsDiscountUptoLimitPrice>N</IsDiscountUptoLimitPrice>
        <IsDiscountAllowedOnTotal>N</IsDiscountAllowedOnTotal>
        <AmtApprovalAccum>0</AmtApprovalAccum>
        <DaysApprovalAccum>0</DaysApprovalAccum>
        <AD_Role_UU>916f3c6c-840f-491d-9bd7-8f11f34f6868</AD_Role_UU>
        <IsMenuAutoExpand>N</IsMenuAutoExpand>
        <IsMasterRole>Y</IsMasterRole>
        <IsAccessAdvanced>Y</IsAccessAdvanced>
    </AD_Role>
    <AD_Role type="table">
        <AD_Client_ID>0</AD_Client_ID>
        <AD_Org_ID>0</AD_Org_ID>
        <Name>Manage Expenses Tracking</Name>
        <Description>Keep tabs on expenditure flows</Description>
        <UserLevel>S  </UserLevel>
        <IsActive>Y</IsActive>
        <C_Currency_ID reference="id"/>
        <AmtApproval>0</AmtApproval>
        <AD_Tree_Menu_ID reference="id"/>
        <IsManual>Y</IsManual>
        <IsPersonalAccess>N</IsPersonalAccess>
        <IsShowAcct>N</IsShowAcct>
        <IsPersonalLock>N</IsPersonalLock>
        <IsCanReport>Y</IsCanReport>
        <IsCanExport>Y</IsCanExport>
        <Supervisor_ID reference="id"/>
        <IsCanApproveOwnDoc>N</IsCanApproveOwnDoc>
        <IsAccessAllOrgs>N</IsAccessAllOrgs>
        <IsChangeLog>N</IsChangeLog>
        <PreferenceType>O</PreferenceType>
        <OverwritePriceLimit>N</OverwritePriceLimit>
        <AD_Tree_Org_ID reference="id"/>
        <IsUseUserOrgAccess>N</IsUseUserOrgAccess>
        <ConfirmQueryRecords>0</ConfirmQueryRecords>
        <MaxQueryRecords>0</MaxQueryRecords>
        <Allow_Info_Account>Y</Allow_Info_Account>
        <Allow_Info_Asset>Y</Allow_Info_Asset>
        <Allow_Info_BPartner>Y</Allow_Info_BPartner>
        <Allow_Info_InOut>Y</Allow_Info_InOut>
        <Allow_Info_Invoice>Y</Allow_Info_Invoice>
        <Allow_Info_Order>Y</Allow_Info_Order>
        <Allow_Info_Payment>Y</Allow_Info_Payment>
        <Allow_Info_Product>Y</Allow_Info_Product>
        <Allow_Info_Resource>Y</Allow_Info_Resource>
        <Allow_Info_Schedule>Y</Allow_Info_Schedule>
        <UserDiscount/>
        <IsDiscountUptoLimitPrice>N</IsDiscountUptoLimitPrice>
        <IsDiscountAllowedOnTotal>N</IsDiscountAllowedOnTotal>
        <AmtApprovalAccum>0</AmtApprovalAccum>
        <DaysApprovalAccum>0</DaysApprovalAccum>
        <AD_Role_UU>f06c27e5-a4b9-4803-8b04-ebbe494d6fa1</AD_Role_UU>
        <IsMenuAutoExpand>N</IsMenuAutoExpand>
        <IsMasterRole>Y</IsMasterRole>
        <IsAccessAdvanced>Y</IsAccessAdvanced>
    </AD_Role>
    <AD_Role type="table">
        <AD_Client_ID>0</AD_Client_ID>
        <AD_Org_ID>0</AD_Org_ID>
        <Name>Manage Expenses</Name>
        <Description>Record (add, delete and edit) list of expenses </Description>
        <UserLevel>S  </UserLevel>
        <IsActive>Y</IsActive>
        <C_Currency_ID reference="id"/>
        <AmtApproval>0</AmtApproval>
        <AD_Tree_Menu_ID reference="id"/>
        <IsManual>Y</IsManual>
        <IsPersonalAccess>N</IsPersonalAccess>
        <IsShowAcct>N</IsShowAcct>
        <IsPersonalLock>N</IsPersonalLock>
        <IsCanReport>Y</IsCanReport>
        <IsCanExport>Y</IsCanExport>
        <Supervisor_ID reference="id"/>
        <IsCanApproveOwnDoc>N</IsCanApproveOwnDoc>
        <IsAccessAllOrgs>N</IsAccessAllOrgs>
        <IsChangeLog>N</IsChangeLog>
        <PreferenceType>O</PreferenceType>
        <OverwritePriceLimit>N</OverwritePriceLimit>
        <AD_Tree_Org_ID reference="id"/>
        <IsUseUserOrgAccess>N</IsUseUserOrgAccess>
        <ConfirmQueryRecords>0</ConfirmQueryRecords>
        <MaxQueryRecords>0</MaxQueryRecords>
        <Allow_Info_Account>Y</Allow_Info_Account>
        <Allow_Info_Asset>Y</Allow_Info_Asset>
        <Allow_Info_BPartner>Y</Allow_Info_BPartner>
        <Allow_Info_InOut>Y</Allow_Info_InOut>
        <Allow_Info_Invoice>Y</Allow_Info_Invoice>
        <Allow_Info_Order>Y</Allow_Info_Order>
        <Allow_Info_Payment>Y</Allow_Info_Payment>
        <Allow_Info_Product>Y</Allow_Info_Product>
        <Allow_Info_Resource>Y</Allow_Info_Resource>
        <Allow_Info_Schedule>Y</Allow_Info_Schedule>
        <UserDiscount/>
        <IsDiscountUptoLimitPrice>N</IsDiscountUptoLimitPrice>
        <IsDiscountAllowedOnTotal>N</IsDiscountAllowedOnTotal>
        <AmtApprovalAccum>0</AmtApprovalAccum>
        <DaysApprovalAccum>0</DaysApprovalAccum>
        <AD_Role_UU>2abc387b-7602-416b-8834-5706f677a927</AD_Role_UU>
        <IsMenuAutoExpand>N</IsMenuAutoExpand>
        <IsMasterRole>Y</IsMasterRole>
        <IsAccessAdvanced>Y</IsAccessAdvanced>
    </AD_Role>
    <AD_Role type="table">
        <AD_Client_ID>0</AD_Client_ID>
        <AD_Org_ID>0</AD_Org_ID>
        <Name>Manage Stock Levels</Name>
        <Description>View and update inventory quantities</Description>
        <UserLevel>S  </UserLevel>
        <IsActive>Y</IsActive>
        <C_Currency_ID reference="id"/>
        <AmtApproval>0</AmtApproval>
        <AD_Tree_Menu_ID reference="id"/>
        <IsManual>Y</IsManual>
        <IsPersonalAccess>N</IsPersonalAccess>
        <IsShowAcct>N</IsShowAcct>
        <IsPersonalLock>N</IsPersonalLock>
        <IsCanReport>Y</IsCanReport>
        <IsCanExport>Y</IsCanExport>
        <Supervisor_ID reference="id"/>
        <IsCanApproveOwnDoc>N</IsCanApproveOwnDoc>
        <IsAccessAllOrgs>N</IsAccessAllOrgs>
        <IsChangeLog>N</IsChangeLog>
        <PreferenceType>O</PreferenceType>
        <OverwritePriceLimit>N</OverwritePriceLimit>
        <AD_Tree_Org_ID reference="id"/>
        <IsUseUserOrgAccess>N</IsUseUserOrgAccess>
        <ConfirmQueryRecords>0</ConfirmQueryRecords>
        <MaxQueryRecords>0</MaxQueryRecords>
        <Allow_Info_Account>Y</Allow_Info_Account>
        <Allow_Info_Asset>Y</Allow_Info_Asset>
        <Allow_Info_BPartner>Y</Allow_Info_BPartner>
        <Allow_Info_InOut>Y</Allow_Info_InOut>
        <Allow_Info_Invoice>Y</Allow_Info_Invoice>
        <Allow_Info_Order>Y</Allow_Info_Order>
        <Allow_Info_Payment>Y</Allow_Info_Payment>
        <Allow_Info_Product>Y</Allow_Info_Product>
        <Allow_Info_Resource>Y</Allow_Info_Resource>
        <Allow_Info_Schedule>Y</Allow_Info_Schedule>
        <UserDiscount/>
        <IsDiscountUptoLimitPrice>N</IsDiscountUptoLimitPrice>
        <IsDiscountAllowedOnTotal>N</IsDiscountAllowedOnTotal>
        <AmtApprovalAccum>0</AmtApprovalAccum>
        <DaysApprovalAccum>0</DaysApprovalAccum>
        <AD_Role_UU>f1baf359-ee08-4865-8b66-a662d4941c02</AD_Role_UU>
        <IsMenuAutoExpand>N</IsMenuAutoExpand>
        <IsMasterRole>Y</IsMasterRole>
        <IsAccessAdvanced>Y</IsAccessAdvanced>
    </AD_Role>
    <AD_Role type="table">
        <AD_Client_ID>0</AD_Client_ID>
        <AD_Org_ID>0</AD_Org_ID>
        <Name>BandaGo Admin</Name>
        <Description>Give access to functionality provided in all the other sub roles  **(Has access to ALL menu items)**</Description>
        <UserLevel>S  </UserLevel>
        <IsActive>Y</IsActive>
        <C_Currency_ID reference="id"/>
        <AmtApproval>0</AmtApproval>
        <AD_Tree_Menu_ID reference="id"/>
        <IsManual>Y</IsManual>
        <IsPersonalAccess>N</IsPersonalAccess>
        <IsShowAcct>N</IsShowAcct>
        <IsPersonalLock>N</IsPersonalLock>
        <IsCanReport>Y</IsCanReport>
        <IsCanExport>Y</IsCanExport>
        <Supervisor_ID reference="id"/>
        <IsCanApproveOwnDoc>N</IsCanApproveOwnDoc>
        <IsAccessAllOrgs>N</IsAccessAllOrgs>
        <IsChangeLog>N</IsChangeLog>
        <PreferenceType>O</PreferenceType>
        <OverwritePriceLimit>N</OverwritePriceLimit>
        <AD_Tree_Org_ID reference="id"/>
        <IsUseUserOrgAccess>N</IsUseUserOrgAccess>
        <ConfirmQueryRecords>0</ConfirmQueryRecords>
        <MaxQueryRecords>0</MaxQueryRecords>
        <Allow_Info_Account>Y</Allow_Info_Account>
        <Allow_Info_Asset>Y</Allow_Info_Asset>
        <Allow_Info_BPartner>Y</Allow_Info_BPartner>
        <Allow_Info_InOut>Y</Allow_Info_InOut>
        <Allow_Info_Invoice>Y</Allow_Info_Invoice>
        <Allow_Info_Order>Y</Allow_Info_Order>
        <Allow_Info_Payment>Y</Allow_Info_Payment>
        <Allow_Info_Product>Y</Allow_Info_Product>
        <Allow_Info_Resource>Y</Allow_Info_Resource>
        <Allow_Info_Schedule>Y</Allow_Info_Schedule>
        <UserDiscount/>
        <IsDiscountUptoLimitPrice>N</IsDiscountUptoLimitPrice>
        <IsDiscountAllowedOnTotal>N</IsDiscountAllowedOnTotal>
        <AmtApprovalAccum>0</AmtApprovalAccum>
        <DaysApprovalAccum>0</DaysApprovalAccum>
        <AD_Role_UU>0520b255-2e55-41b7-b95c-4f6660e77625</AD_Role_UU>
        <IsMenuAutoExpand>N</IsMenuAutoExpand>
        <IsMasterRole>Y</IsMasterRole>
        <IsAccessAdvanced>Y</IsAccessAdvanced>
    </AD_Role>
    <AD_Role type="table">
        <AD_Client_ID>0</AD_Client_ID>
        <AD_Org_ID>0</AD_Org_ID>
        <Name>Report Income and Expenses</Name>
        <Description>Generate report on income and expenses</Description>
        <UserLevel>S  </UserLevel>
        <IsActive>Y</IsActive>
        <C_Currency_ID reference="id"/>
        <AmtApproval>0</AmtApproval>
        <AD_Tree_Menu_ID reference="id"/>
        <IsManual>Y</IsManual>
        <IsPersonalAccess>N</IsPersonalAccess>
        <IsShowAcct>N</IsShowAcct>
        <IsPersonalLock>N</IsPersonalLock>
        <IsCanReport>Y</IsCanReport>
        <IsCanExport>Y</IsCanExport>
        <Supervisor_ID reference="id"/>
        <IsCanApproveOwnDoc>N</IsCanApproveOwnDoc>
        <IsAccessAllOrgs>N</IsAccessAllOrgs>
        <IsChangeLog>N</IsChangeLog>
        <PreferenceType>O</PreferenceType>
        <OverwritePriceLimit>N</OverwritePriceLimit>
        <AD_Tree_Org_ID reference="id"/>
        <IsUseUserOrgAccess>N</IsUseUserOrgAccess>
        <ConfirmQueryRecords>0</ConfirmQueryRecords>
        <MaxQueryRecords>0</MaxQueryRecords>
        <Allow_Info_Account>Y</Allow_Info_Account>
        <Allow_Info_Asset>Y</Allow_Info_Asset>
        <Allow_Info_BPartner>Y</Allow_Info_BPartner>
        <Allow_Info_InOut>Y</Allow_Info_InOut>
        <Allow_Info_Invoice>Y</Allow_Info_Invoice>
        <Allow_Info_Order>Y</Allow_Info_Order>
        <Allow_Info_Payment>Y</Allow_Info_Payment>
        <Allow_Info_Product>Y</Allow_Info_Product>
        <Allow_Info_Resource>Y</Allow_Info_Resource>
        <Allow_Info_Schedule>Y</Allow_Info_Schedule>
        <UserDiscount/>
        <IsDiscountUptoLimitPrice>N</IsDiscountUptoLimitPrice>
        <IsDiscountAllowedOnTotal>N</IsDiscountAllowedOnTotal>
        <AmtApprovalAccum>0</AmtApprovalAccum>
        <DaysApprovalAccum>0</DaysApprovalAccum>
        <AD_Role_UU>230f6995-5e04-40d3-b074-5c625f440dba</AD_Role_UU>
        <IsMenuAutoExpand>N</IsMenuAutoExpand>
        <IsMasterRole>Y</IsMasterRole>
        <IsAccessAdvanced>Y</IsAccessAdvanced>
    </AD_Role>
    <AD_Role type="table">
        <AD_Client_ID>0</AD_Client_ID>
        <AD_Org_ID>0</AD_Org_ID>
        <Name>Manage Suppliers</Name>
        <Description>Add, remove and edit suppliers/vendors</Description>
        <UserLevel>S  </UserLevel>
        <IsActive>Y</IsActive>
        <C_Currency_ID reference="id"/>
        <AmtApproval>0</AmtApproval>
        <AD_Tree_Menu_ID reference="id"/>
        <IsManual>Y</IsManual>
        <IsPersonalAccess>N</IsPersonalAccess>
        <IsShowAcct>N</IsShowAcct>
        <IsPersonalLock>N</IsPersonalLock>
        <IsCanReport>Y</IsCanReport>
        <IsCanExport>Y</IsCanExport>
        <Supervisor_ID reference="id"/>
        <IsCanApproveOwnDoc>N</IsCanApproveOwnDoc>
        <IsAccessAllOrgs>N</IsAccessAllOrgs>
        <IsChangeLog>N</IsChangeLog>
        <PreferenceType>O</PreferenceType>
        <OverwritePriceLimit>N</OverwritePriceLimit>
        <AD_Tree_Org_ID reference="id"/>
        <IsUseUserOrgAccess>N</IsUseUserOrgAccess>
        <ConfirmQueryRecords>0</ConfirmQueryRecords>
        <MaxQueryRecords>0</MaxQueryRecords>
        <Allow_Info_Account>Y</Allow_Info_Account>
        <Allow_Info_Asset>Y</Allow_Info_Asset>
        <Allow_Info_BPartner>Y</Allow_Info_BPartner>
        <Allow_Info_InOut>Y</Allow_Info_InOut>
        <Allow_Info_Invoice>Y</Allow_Info_Invoice>
        <Allow_Info_Order>Y</Allow_Info_Order>
        <Allow_Info_Payment>Y</Allow_Info_Payment>
        <Allow_Info_Product>Y</Allow_Info_Product>
        <Allow_Info_Resource>Y</Allow_Info_Resource>
        <Allow_Info_Schedule>Y</Allow_Info_Schedule>
        <UserDiscount/>
        <IsDiscountUptoLimitPrice>N</IsDiscountUptoLimitPrice>
        <IsDiscountAllowedOnTotal>N</IsDiscountAllowedOnTotal>
        <AmtApprovalAccum>0</AmtApprovalAccum>
        <DaysApprovalAccum>0</DaysApprovalAccum>
        <AD_Role_UU>25803a32-914b-4e6d-9a69-46b369ad672a</AD_Role_UU>
        <IsMenuAutoExpand>N</IsMenuAutoExpand>
        <IsMasterRole>Y</IsMasterRole>
        <IsAccessAdvanced>Y</IsAccessAdvanced>
    </AD_Role>
    <AD_Role type="table">
        <AD_Client_ID>0</AD_Client_ID>
        <AD_Org_ID>0</AD_Org_ID>
        <Name>Manage Services</Name>
        <Description>Add, remove and edit  offered services </Description>
        <UserLevel>S  </UserLevel>
        <IsActive>Y</IsActive>
        <C_Currency_ID reference="id"/>
        <AmtApproval>0</AmtApproval>
        <AD_Tree_Menu_ID reference="id"/>
        <IsManual>Y</IsManual>
        <IsPersonalAccess>N</IsPersonalAccess>
        <IsShowAcct>N</IsShowAcct>
        <IsPersonalLock>N</IsPersonalLock>
        <IsCanReport>Y</IsCanReport>
        <IsCanExport>Y</IsCanExport>
        <Supervisor_ID reference="id"/>
        <IsCanApproveOwnDoc>N</IsCanApproveOwnDoc>
        <IsAccessAllOrgs>N</IsAccessAllOrgs>
        <IsChangeLog>N</IsChangeLog>
        <PreferenceType>O</PreferenceType>
        <OverwritePriceLimit>N</OverwritePriceLimit>
        <AD_Tree_Org_ID reference="id"/>
        <IsUseUserOrgAccess>N</IsUseUserOrgAccess>
        <ConfirmQueryRecords>0</ConfirmQueryRecords>
        <MaxQueryRecords>0</MaxQueryRecords>
        <Allow_Info_Account>Y</Allow_Info_Account>
        <Allow_Info_Asset>Y</Allow_Info_Asset>
        <Allow_Info_BPartner>Y</Allow_Info_BPartner>
        <Allow_Info_InOut>Y</Allow_Info_InOut>
        <Allow_Info_Invoice>Y</Allow_Info_Invoice>
        <Allow_Info_Order>Y</Allow_Info_Order>
        <Allow_Info_Payment>Y</Allow_Info_Payment>
        <Allow_Info_Product>Y</Allow_Info_Product>
        <Allow_Info_Resource>Y</Allow_Info_Resource>
        <Allow_Info_Schedule>Y</Allow_Info_Schedule>
        <UserDiscount/>
        <IsDiscountUptoLimitPrice>N</IsDiscountUptoLimitPrice>
        <IsDiscountAllowedOnTotal>N</IsDiscountAllowedOnTotal>
        <AmtApprovalAccum>0</AmtApprovalAccum>
        <DaysApprovalAccum>0</DaysApprovalAccum>
        <AD_Role_UU>df33be5f-37c8-4fff-a2f7-bd7ddd6aa453</AD_Role_UU>
        <IsMenuAutoExpand>N</IsMenuAutoExpand>
        <IsMasterRole>Y</IsMasterRole>
        <IsAccessAdvanced>Y</IsAccessAdvanced>
    </AD_Role>
    <AD_Role type="table">
        <AD_Client_ID>0</AD_Client_ID>
        <AD_Org_ID>0</AD_Org_ID>
        <Name>Manage Patient Bills</Name>
        <Description>Create patient bills for sale transactions</Description>
        <UserLevel>S  </UserLevel>
        <IsActive>Y</IsActive>
        <C_Currency_ID reference="id"/>
        <AmtApproval>0</AmtApproval>
        <AD_Tree_Menu_ID reference="id"/>
        <IsManual>Y</IsManual>
        <IsPersonalAccess>N</IsPersonalAccess>
        <IsShowAcct>N</IsShowAcct>
        <IsPersonalLock>N</IsPersonalLock>
        <IsCanReport>Y</IsCanReport>
        <IsCanExport>Y</IsCanExport>
        <Supervisor_ID reference="id"/>
        <IsCanApproveOwnDoc>N</IsCanApproveOwnDoc>
        <IsAccessAllOrgs>N</IsAccessAllOrgs>
        <IsChangeLog>N</IsChangeLog>
        <PreferenceType>O</PreferenceType>
        <OverwritePriceLimit>N</OverwritePriceLimit>
        <AD_Tree_Org_ID reference="id"/>
        <IsUseUserOrgAccess>N</IsUseUserOrgAccess>
        <ConfirmQueryRecords>0</ConfirmQueryRecords>
        <MaxQueryRecords>0</MaxQueryRecords>
        <Allow_Info_Account>Y</Allow_Info_Account>
        <Allow_Info_Asset>Y</Allow_Info_Asset>
        <Allow_Info_BPartner>Y</Allow_Info_BPartner>
        <Allow_Info_InOut>Y</Allow_Info_InOut>
        <Allow_Info_Invoice>Y</Allow_Info_Invoice>
        <Allow_Info_Order>Y</Allow_Info_Order>
        <Allow_Info_Payment>Y</Allow_Info_Payment>
        <Allow_Info_Product>Y</Allow_Info_Product>
        <Allow_Info_Resource>Y</Allow_Info_Resource>
        <Allow_Info_Schedule>Y</Allow_Info_Schedule>
        <UserDiscount/>
        <IsDiscountUptoLimitPrice>N</IsDiscountUptoLimitPrice>
        <IsDiscountAllowedOnTotal>N</IsDiscountAllowedOnTotal>
        <AmtApprovalAccum>0</AmtApprovalAccum>
        <DaysApprovalAccum>0</DaysApprovalAccum>
        <AD_Role_UU>6c608685-6874-47e1-9c55-06a62f67f340</AD_Role_UU>
        <IsMenuAutoExpand>N</IsMenuAutoExpand>
        <IsMasterRole>Y</IsMasterRole>
        <IsAccessAdvanced>Y</IsAccessAdvanced>
    </AD_Role>
    <AD_Role type="table">
        <AD_Client_ID>0</AD_Client_ID>
        <AD_Org_ID>0</AD_Org_ID>
        <Name>Manage Balances</Name>
        <Description>View and update pending amount balances on patient bills </Description>
        <UserLevel>S  </UserLevel>
        <IsActive>Y</IsActive>
        <C_Currency_ID reference="id"/>
        <AmtApproval>0</AmtApproval>
        <AD_Tree_Menu_ID reference="id"/>
        <IsManual>Y</IsManual>
        <IsPersonalAccess>N</IsPersonalAccess>
        <IsShowAcct>N</IsShowAcct>
        <IsPersonalLock>N</IsPersonalLock>
        <IsCanReport>Y</IsCanReport>
        <IsCanExport>Y</IsCanExport>
        <Supervisor_ID reference="id"/>
        <IsCanApproveOwnDoc>N</IsCanApproveOwnDoc>
        <IsAccessAllOrgs>N</IsAccessAllOrgs>
        <IsChangeLog>N</IsChangeLog>
        <PreferenceType>O</PreferenceType>
        <OverwritePriceLimit>N</OverwritePriceLimit>
        <AD_Tree_Org_ID reference="id"/>
        <IsUseUserOrgAccess>N</IsUseUserOrgAccess>
        <ConfirmQueryRecords>0</ConfirmQueryRecords>
        <MaxQueryRecords>0</MaxQueryRecords>
        <Allow_Info_Account>Y</Allow_Info_Account>
        <Allow_Info_Asset>Y</Allow_Info_Asset>
        <Allow_Info_BPartner>Y</Allow_Info_BPartner>
        <Allow_Info_InOut>Y</Allow_Info_InOut>
        <Allow_Info_Invoice>Y</Allow_Info_Invoice>
        <Allow_Info_Order>Y</Allow_Info_Order>
        <Allow_Info_Payment>Y</Allow_Info_Payment>
        <Allow_Info_Product>Y</Allow_Info_Product>
        <Allow_Info_Resource>Y</Allow_Info_Resource>
        <Allow_Info_Schedule>Y</Allow_Info_Schedule>
        <UserDiscount/>
        <IsDiscountUptoLimitPrice>N</IsDiscountUptoLimitPrice>
        <IsDiscountAllowedOnTotal>N</IsDiscountAllowedOnTotal>
        <AmtApprovalAccum>0</AmtApprovalAccum>
        <DaysApprovalAccum>0</DaysApprovalAccum>
        <AD_Role_UU>c5e312b6-b36b-4a89-92c7-653d6238f2b4</AD_Role_UU>
        <IsMenuAutoExpand>N</IsMenuAutoExpand>
        <IsMasterRole>Y</IsMasterRole>
        <IsAccessAdvanced>Y</IsAccessAdvanced>
    </AD_Role>
    <AD_Role type="table">
        <AD_Client_ID>0</AD_Client_ID>
        <AD_Org_ID>0</AD_Org_ID>
        <Name>Report Patient Transactions </Name>
        <Description>Generate report on patient transactions</Description>
        <UserLevel>S  </UserLevel>
        <IsActive>Y</IsActive>
        <C_Currency_ID reference="id"/>
        <AmtApproval>0</AmtApproval>
        <AD_Tree_Menu_ID reference="id"/>
        <IsManual>Y</IsManual>
        <IsPersonalAccess>N</IsPersonalAccess>
        <IsShowAcct>N</IsShowAcct>
        <IsPersonalLock>N</IsPersonalLock>
        <IsCanReport>Y</IsCanReport>
        <IsCanExport>Y</IsCanExport>
        <Supervisor_ID reference="id"/>
        <IsCanApproveOwnDoc>N</IsCanApproveOwnDoc>
        <IsAccessAllOrgs>N</IsAccessAllOrgs>
        <IsChangeLog>N</IsChangeLog>
        <PreferenceType>O</PreferenceType>
        <OverwritePriceLimit>N</OverwritePriceLimit>
        <AD_Tree_Org_ID reference="id"/>
        <IsUseUserOrgAccess>N</IsUseUserOrgAccess>
        <ConfirmQueryRecords>0</ConfirmQueryRecords>
        <MaxQueryRecords>0</MaxQueryRecords>
        <Allow_Info_Account>Y</Allow_Info_Account>
        <Allow_Info_Asset>Y</Allow_Info_Asset>
        <Allow_Info_BPartner>Y</Allow_Info_BPartner>
        <Allow_Info_InOut>Y</Allow_Info_InOut>
        <Allow_Info_Invoice>Y</Allow_Info_Invoice>
        <Allow_Info_Order>Y</Allow_Info_Order>
        <Allow_Info_Payment>Y</Allow_Info_Payment>
        <Allow_Info_Product>Y</Allow_Info_Product>
        <Allow_Info_Resource>Y</Allow_Info_Resource>
        <Allow_Info_Schedule>Y</Allow_Info_Schedule>
        <UserDiscount/>
        <IsDiscountUptoLimitPrice>N</IsDiscountUptoLimitPrice>
        <IsDiscountAllowedOnTotal>N</IsDiscountAllowedOnTotal>
        <AmtApprovalAccum>0</AmtApprovalAccum>
        <DaysApprovalAccum>0</DaysApprovalAccum>
        <AD_Role_UU>df670872-7a83-4a6d-9a99-c37d7c7d7e02</AD_Role_UU>
        <IsMenuAutoExpand>N</IsMenuAutoExpand>
        <IsMasterRole>Y</IsMasterRole>
        <IsAccessAdvanced>Y</IsAccessAdvanced>
    </AD_Role>
    <AD_Role type="table">
        <AD_Client_ID>0</AD_Client_ID>
        <AD_Org_ID>0</AD_Org_ID>
        <Name>Report Product and Pricing</Name>
        <Description>Generate report on products and prices</Description>
        <UserLevel>S  </UserLevel>
        <IsActive>Y</IsActive>
        <C_Currency_ID reference="id"/>
        <AmtApproval>0</AmtApproval>
        <AD_Tree_Menu_ID reference="id"/>
        <IsManual>Y</IsManual>
        <IsPersonalAccess>N</IsPersonalAccess>
        <IsShowAcct>N</IsShowAcct>
        <IsPersonalLock>N</IsPersonalLock>
        <IsCanReport>Y</IsCanReport>
        <IsCanExport>Y</IsCanExport>
        <Supervisor_ID reference="id"/>
        <IsCanApproveOwnDoc>N</IsCanApproveOwnDoc>
        <IsAccessAllOrgs>N</IsAccessAllOrgs>
        <IsChangeLog>N</IsChangeLog>
        <PreferenceType>O</PreferenceType>
        <OverwritePriceLimit>N</OverwritePriceLimit>
        <AD_Tree_Org_ID reference="id"/>
        <IsUseUserOrgAccess>N</IsUseUserOrgAccess>
        <ConfirmQueryRecords>0</ConfirmQueryRecords>
        <MaxQueryRecords>0</MaxQueryRecords>
        <Allow_Info_Account>Y</Allow_Info_Account>
        <Allow_Info_Asset>Y</Allow_Info_Asset>
        <Allow_Info_BPartner>Y</Allow_Info_BPartner>
        <Allow_Info_InOut>Y</Allow_Info_InOut>
        <Allow_Info_Invoice>Y</Allow_Info_Invoice>
        <Allow_Info_Order>Y</Allow_Info_Order>
        <Allow_Info_Payment>Y</Allow_Info_Payment>
        <Allow_Info_Product>Y</Allow_Info_Product>
        <Allow_Info_Resource>Y</Allow_Info_Resource>
        <Allow_Info_Schedule>Y</Allow_Info_Schedule>
        <UserDiscount/>
        <IsDiscountUptoLimitPrice>N</IsDiscountUptoLimitPrice>
        <IsDiscountAllowedOnTotal>N</IsDiscountAllowedOnTotal>
        <AmtApprovalAccum>0</AmtApprovalAccum>
        <DaysApprovalAccum>0</DaysApprovalAccum>
        <AD_Role_UU>67acc92d-8bdc-4012-bfcc-4f57f8e48e30</AD_Role_UU>
        <IsMenuAutoExpand>N</IsMenuAutoExpand>
        <IsMasterRole>Y</IsMasterRole>
        <IsAccessAdvanced>Y</IsAccessAdvanced>
    </AD_Role>
    <AD_Role type="table">
        <AD_Client_ID>0</AD_Client_ID>
        <AD_Org_ID>0</AD_Org_ID>
        <Name>Report Stock Quantities</Name>
        <Description>Generate report on stock(opening and closing quantities)</Description>
        <UserLevel>S  </UserLevel>
        <IsActive>Y</IsActive>
        <C_Currency_ID reference="id"/>
        <AmtApproval>0</AmtApproval>
        <AD_Tree_Menu_ID reference="id"/>
        <IsManual>Y</IsManual>
        <IsPersonalAccess>N</IsPersonalAccess>
        <IsShowAcct>N</IsShowAcct>
        <IsPersonalLock>N</IsPersonalLock>
        <IsCanReport>Y</IsCanReport>
        <IsCanExport>Y</IsCanExport>
        <Supervisor_ID reference="id"/>
        <IsCanApproveOwnDoc>N</IsCanApproveOwnDoc>
        <IsAccessAllOrgs>N</IsAccessAllOrgs>
        <IsChangeLog>N</IsChangeLog>
        <PreferenceType>O</PreferenceType>
        <OverwritePriceLimit>N</OverwritePriceLimit>
        <AD_Tree_Org_ID reference="id"/>
        <IsUseUserOrgAccess>N</IsUseUserOrgAccess>
        <ConfirmQueryRecords>0</ConfirmQueryRecords>
        <MaxQueryRecords>0</MaxQueryRecords>
        <Allow_Info_Account>Y</Allow_Info_Account>
        <Allow_Info_Asset>Y</Allow_Info_Asset>
        <Allow_Info_BPartner>Y</Allow_Info_BPartner>
        <Allow_Info_InOut>Y</Allow_Info_InOut>
        <Allow_Info_Invoice>Y</Allow_Info_Invoice>
        <Allow_Info_Order>Y</Allow_Info_Order>
        <Allow_Info_Payment>Y</Allow_Info_Payment>
        <Allow_Info_Product>Y</Allow_Info_Product>
        <Allow_Info_Resource>Y</Allow_Info_Resource>
        <Allow_Info_Schedule>Y</Allow_Info_Schedule>
        <UserDiscount/>
        <IsDiscountUptoLimitPrice>N</IsDiscountUptoLimitPrice>
        <IsDiscountAllowedOnTotal>N</IsDiscountAllowedOnTotal>
        <AmtApprovalAccum>0</AmtApprovalAccum>
        <DaysApprovalAccum>0</DaysApprovalAccum>
        <AD_Role_UU>66121f24-3aba-4204-8388-c3ced006ad49</AD_Role_UU>
        <IsMenuAutoExpand>N</IsMenuAutoExpand>
        <IsMasterRole>Y</IsMasterRole>
        <IsAccessAdvanced>Y</IsAccessAdvanced>
    </AD_Role>
    <AD_Role type="table">
        <AD_Client_ID>0</AD_Client_ID>
        <AD_Org_ID>0</AD_Org_ID>
        <Name>Report Re-Order Levels</Name>
        <Description>Generate report on re-order levels</Description>
        <UserLevel>S  </UserLevel>
        <IsActive>Y</IsActive>
        <C_Currency_ID reference="id"/>
        <AmtApproval>0</AmtApproval>
        <AD_Tree_Menu_ID reference="id"/>
        <IsManual>Y</IsManual>
        <IsPersonalAccess>N</IsPersonalAccess>
        <IsShowAcct>N</IsShowAcct>
        <IsPersonalLock>N</IsPersonalLock>
        <IsCanReport>Y</IsCanReport>
        <IsCanExport>Y</IsCanExport>
        <Supervisor_ID reference="id"/>
        <IsCanApproveOwnDoc>N</IsCanApproveOwnDoc>
        <IsAccessAllOrgs>N</IsAccessAllOrgs>
        <IsChangeLog>N</IsChangeLog>
        <PreferenceType>O</PreferenceType>
        <OverwritePriceLimit>N</OverwritePriceLimit>
        <AD_Tree_Org_ID reference="id"/>
        <IsUseUserOrgAccess>N</IsUseUserOrgAccess>
        <ConfirmQueryRecords>0</ConfirmQueryRecords>
        <MaxQueryRecords>0</MaxQueryRecords>
        <Allow_Info_Account>Y</Allow_Info_Account>
        <Allow_Info_Asset>Y</Allow_Info_Asset>
        <Allow_Info_BPartner>Y</Allow_Info_BPartner>
        <Allow_Info_InOut>Y</Allow_Info_InOut>
        <Allow_Info_Invoice>Y</Allow_Info_Invoice>
        <Allow_Info_Order>Y</Allow_Info_Order>
        <Allow_Info_Payment>Y</Allow_Info_Payment>
        <Allow_Info_Product>Y</Allow_Info_Product>
        <Allow_Info_Resource>Y</Allow_Info_Resource>
        <Allow_Info_Schedule>Y</Allow_Info_Schedule>
        <UserDiscount/>
        <IsDiscountUptoLimitPrice>N</IsDiscountUptoLimitPrice>
        <IsDiscountAllowedOnTotal>N</IsDiscountAllowedOnTotal>
        <AmtApprovalAccum>0</AmtApprovalAccum>
        <DaysApprovalAccum>0</DaysApprovalAccum>
        <AD_Role_UU>69ee8cf1-cdcf-4880-a79b-2005b8591b0d</AD_Role_UU>
        <IsMenuAutoExpand>N</IsMenuAutoExpand>
        <IsMasterRole>Y</IsMasterRole>
        <IsAccessAdvanced>Y</IsAccessAdvanced>
    </AD_Role>
    <AD_Role type="table">
        <AD_Client_ID>0</AD_Client_ID>
        <AD_Org_ID>0</AD_Org_ID>
        <Name>Report MoH705A Patient Visits and Referral Totals</Name>
        <Description>Generates Count of Patients with their visit type and referrals</Description>
        <UserLevel>S  </UserLevel>
        <IsActive>Y</IsActive>
        <C_Currency_ID reference="id"/>
        <AmtApproval>0</AmtApproval>
        <AD_Tree_Menu_ID reference="id"/>
        <IsManual>Y</IsManual>
        <IsPersonalAccess>N</IsPersonalAccess>
        <IsShowAcct>N</IsShowAcct>
        <IsPersonalLock>N</IsPersonalLock>
        <IsCanReport>Y</IsCanReport>
        <IsCanExport>Y</IsCanExport>
        <Supervisor_ID reference="id"/>
        <IsCanApproveOwnDoc>N</IsCanApproveOwnDoc>
        <IsAccessAllOrgs>N</IsAccessAllOrgs>
        <IsChangeLog>N</IsChangeLog>
        <PreferenceType>O</PreferenceType>
        <OverwritePriceLimit>N</OverwritePriceLimit>
        <AD_Tree_Org_ID reference="id"/>
        <IsUseUserOrgAccess>N</IsUseUserOrgAccess>
        <ConfirmQueryRecords>0</ConfirmQueryRecords>
        <MaxQueryRecords>0</MaxQueryRecords>
        <Allow_Info_Account>Y</Allow_Info_Account>
        <Allow_Info_Asset>Y</Allow_Info_Asset>
        <Allow_Info_BPartner>Y</Allow_Info_BPartner>
        <Allow_Info_InOut>Y</Allow_Info_InOut>
        <Allow_Info_Invoice>Y</Allow_Info_Invoice>
        <Allow_Info_Order>Y</Allow_Info_Order>
        <Allow_Info_Payment>Y</Allow_Info_Payment>
        <Allow_Info_Product>Y</Allow_Info_Product>
        <Allow_Info_Resource>Y</Allow_Info_Resource>
        <Allow_Info_Schedule>Y</Allow_Info_Schedule>
        <UserDiscount/>
        <IsDiscountUptoLimitPrice>N</IsDiscountUptoLimitPrice>
        <IsDiscountAllowedOnTotal>N</IsDiscountAllowedOnTotal>
        <AmtApprovalAccum>0</AmtApprovalAccum>
        <DaysApprovalAccum>0</DaysApprovalAccum>
        <AD_Role_UU>f8b48d40-da8d-4296-9943-1efefdf9b56e</AD_Role_UU>
        <IsMenuAutoExpand>N</IsMenuAutoExpand>
        <IsMasterRole>Y</IsMasterRole>
        <IsAccessAdvanced>Y</IsAccessAdvanced>
    </AD_Role>
    <AD_Role type="table">
        <AD_Client_ID>0</AD_Client_ID>
        <AD_Org_ID>0</AD_Org_ID>
        <Name>Report MoH717 New and Revisit Patient Count</Name>
        <Description>Generate count of new patients and revisit</Description>
        <UserLevel>S  </UserLevel>
        <IsActive>Y</IsActive>
        <C_Currency_ID reference="id"/>
        <AmtApproval>0</AmtApproval>
        <AD_Tree_Menu_ID reference="id"/>
        <IsManual>Y</IsManual>
        <IsPersonalAccess>N</IsPersonalAccess>
        <IsShowAcct>N</IsShowAcct>
        <IsPersonalLock>N</IsPersonalLock>
        <IsCanReport>Y</IsCanReport>
        <IsCanExport>Y</IsCanExport>
        <Supervisor_ID reference="id"/>
        <IsCanApproveOwnDoc>N</IsCanApproveOwnDoc>
        <IsAccessAllOrgs>N</IsAccessAllOrgs>
        <IsChangeLog>N</IsChangeLog>
        <PreferenceType>O</PreferenceType>
        <OverwritePriceLimit>N</OverwritePriceLimit>
        <AD_Tree_Org_ID reference="id"/>
        <IsUseUserOrgAccess>N</IsUseUserOrgAccess>
        <ConfirmQueryRecords>0</ConfirmQueryRecords>
        <MaxQueryRecords>0</MaxQueryRecords>
        <Allow_Info_Account>Y</Allow_Info_Account>
        <Allow_Info_Asset>Y</Allow_Info_Asset>
        <Allow_Info_BPartner>Y</Allow_Info_BPartner>
        <Allow_Info_InOut>Y</Allow_Info_InOut>
        <Allow_Info_Invoice>Y</Allow_Info_Invoice>
        <Allow_Info_Order>Y</Allow_Info_Order>
        <Allow_Info_Payment>Y</Allow_Info_Payment>
        <Allow_Info_Product>Y</Allow_Info_Product>
        <Allow_Info_Resource>Y</Allow_Info_Resource>
        <Allow_Info_Schedule>Y</Allow_Info_Schedule>
        <UserDiscount/>
        <IsDiscountUptoLimitPrice>N</IsDiscountUptoLimitPrice>
        <IsDiscountAllowedOnTotal>N</IsDiscountAllowedOnTotal>
        <AmtApprovalAccum>0</AmtApprovalAccum>
        <DaysApprovalAccum>0</DaysApprovalAccum>
        <AD_Role_UU>613afe7e-8699-4e6e-80e5-c3bd8fcb1060</AD_Role_UU>
        <IsMenuAutoExpand>N</IsMenuAutoExpand>
        <IsMasterRole>Y</IsMasterRole>
        <IsAccessAdvanced>Y</IsAccessAdvanced>
    </AD_Role>
    <AD_Role type="table">
        <AD_Client_ID>0</AD_Client_ID>
        <AD_Org_ID>0</AD_Org_ID>
        <Name>Report MoH705A Out Patient Under 5yr Summary</Name>
        <Description>Generate outpatient under 5yr summary</Description>
        <UserLevel>S  </UserLevel>
        <IsActive>Y</IsActive>
        <C_Currency_ID reference="id"/>
        <AmtApproval>0</AmtApproval>
        <AD_Tree_Menu_ID reference="id"/>
        <IsManual>Y</IsManual>
        <IsPersonalAccess>N</IsPersonalAccess>
        <IsShowAcct>N</IsShowAcct>
        <IsPersonalLock>N</IsPersonalLock>
        <IsCanReport>Y</IsCanReport>
        <IsCanExport>Y</IsCanExport>
        <Supervisor_ID reference="id"/>
        <IsCanApproveOwnDoc>N</IsCanApproveOwnDoc>
        <IsAccessAllOrgs>N</IsAccessAllOrgs>
        <IsChangeLog>N</IsChangeLog>
        <PreferenceType>O</PreferenceType>
        <OverwritePriceLimit>N</OverwritePriceLimit>
        <AD_Tree_Org_ID reference="id"/>
        <IsUseUserOrgAccess>N</IsUseUserOrgAccess>
        <ConfirmQueryRecords>0</ConfirmQueryRecords>
        <MaxQueryRecords>0</MaxQueryRecords>
        <Allow_Info_Account>Y</Allow_Info_Account>
        <Allow_Info_Asset>Y</Allow_Info_Asset>
        <Allow_Info_BPartner>Y</Allow_Info_BPartner>
        <Allow_Info_InOut>Y</Allow_Info_InOut>
        <Allow_Info_Invoice>Y</Allow_Info_Invoice>
        <Allow_Info_Order>Y</Allow_Info_Order>
        <Allow_Info_Payment>Y</Allow_Info_Payment>
        <Allow_Info_Product>Y</Allow_Info_Product>
        <Allow_Info_Resource>Y</Allow_Info_Resource>
        <Allow_Info_Schedule>Y</Allow_Info_Schedule>
        <UserDiscount/>
        <IsDiscountUptoLimitPrice>N</IsDiscountUptoLimitPrice>
        <IsDiscountAllowedOnTotal>N</IsDiscountAllowedOnTotal>
        <AmtApprovalAccum>0</AmtApprovalAccum>
        <DaysApprovalAccum>0</DaysApprovalAccum>
        <AD_Role_UU>af9724a3-0d47-4272-ba35-30b7b7f9889c</AD_Role_UU>
        <IsMenuAutoExpand>N</IsMenuAutoExpand>
        <IsMasterRole>Y</IsMasterRole>
        <IsAccessAdvanced>Y</IsAccessAdvanced>
    </AD_Role>
    <AD_Role type="table">
        <AD_Client_ID>0</AD_Client_ID>
        <AD_Org_ID>0</AD_Org_ID>
        <Name>Report MoH705B Out Patient Over 5yr Summary</Name>
        <Description>Generate outpatient over 5yr summary</Description>
        <UserLevel>S  </UserLevel>
        <IsActive>Y</IsActive>
        <C_Currency_ID reference="id"/>
        <AmtApproval>0</AmtApproval>
        <AD_Tree_Menu_ID reference="id"/>
        <IsManual>Y</IsManual>
        <IsPersonalAccess>N</IsPersonalAccess>
        <IsShowAcct>N</IsShowAcct>
        <IsPersonalLock>N</IsPersonalLock>
        <IsCanReport>Y</IsCanReport>
        <IsCanExport>Y</IsCanExport>
        <Supervisor_ID reference="id"/>
        <IsCanApproveOwnDoc>N</IsCanApproveOwnDoc>
        <IsAccessAllOrgs>N</IsAccessAllOrgs>
        <IsChangeLog>N</IsChangeLog>
        <PreferenceType>O</PreferenceType>
        <OverwritePriceLimit>N</OverwritePriceLimit>
        <AD_Tree_Org_ID reference="id"/>
        <IsUseUserOrgAccess>N</IsUseUserOrgAccess>
        <ConfirmQueryRecords>0</ConfirmQueryRecords>
        <MaxQueryRecords>0</MaxQueryRecords>
        <Allow_Info_Account>Y</Allow_Info_Account>
        <Allow_Info_Asset>Y</Allow_Info_Asset>
        <Allow_Info_BPartner>Y</Allow_Info_BPartner>
        <Allow_Info_InOut>Y</Allow_Info_InOut>
        <Allow_Info_Invoice>Y</Allow_Info_Invoice>
        <Allow_Info_Order>Y</Allow_Info_Order>
        <Allow_Info_Payment>Y</Allow_Info_Payment>
        <Allow_Info_Product>Y</Allow_Info_Product>
        <Allow_Info_Resource>Y</Allow_Info_Resource>
        <Allow_Info_Schedule>Y</Allow_Info_Schedule>
        <UserDiscount/>
        <IsDiscountUptoLimitPrice>N</IsDiscountUptoLimitPrice>
        <IsDiscountAllowedOnTotal>N</IsDiscountAllowedOnTotal>
        <AmtApprovalAccum>0</AmtApprovalAccum>
        <DaysApprovalAccum>0</DaysApprovalAccum>
        <AD_Role_UU>e2689920-5ef3-4479-9b45-964344ec24c0</AD_Role_UU>
        <IsMenuAutoExpand>N</IsMenuAutoExpand>
        <IsMasterRole>Y</IsMasterRole>
        <IsAccessAdvanced>Y</IsAccessAdvanced>
    </AD_Role>
    <AD_Role type="table">
        <AD_Client_ID>0</AD_Client_ID>
        <AD_Org_ID>0</AD_Org_ID>
        <Name>Report Inventory Sold Report</Name>
        <Description>Get a list of inventory that was sold in a period</Description>
        <UserLevel>S  </UserLevel>
        <IsActive>Y</IsActive>
        <C_Currency_ID reference="id"/>
        <AmtApproval>0</AmtApproval>
        <AD_Tree_Menu_ID reference="id"/>
        <IsManual>Y</IsManual>
        <IsPersonalAccess>N</IsPersonalAccess>
        <IsShowAcct>N</IsShowAcct>
        <IsPersonalLock>N</IsPersonalLock>
        <IsCanReport>Y</IsCanReport>
        <IsCanExport>Y</IsCanExport>
        <Supervisor_ID reference="id"/>
        <IsCanApproveOwnDoc>N</IsCanApproveOwnDoc>
        <IsAccessAllOrgs>N</IsAccessAllOrgs>
        <IsChangeLog>N</IsChangeLog>
        <PreferenceType>O</PreferenceType>
        <OverwritePriceLimit>N</OverwritePriceLimit>
        <AD_Tree_Org_ID reference="id"/>
        <IsUseUserOrgAccess>N</IsUseUserOrgAccess>
        <ConfirmQueryRecords>0</ConfirmQueryRecords>
        <MaxQueryRecords>0</MaxQueryRecords>
        <Allow_Info_Account>Y</Allow_Info_Account>
        <Allow_Info_Asset>Y</Allow_Info_Asset>
        <Allow_Info_BPartner>Y</Allow_Info_BPartner>
        <Allow_Info_InOut>Y</Allow_Info_InOut>
        <Allow_Info_Invoice>Y</Allow_Info_Invoice>
        <Allow_Info_Order>Y</Allow_Info_Order>
        <Allow_Info_Payment>Y</Allow_Info_Payment>
        <Allow_Info_Product>Y</Allow_Info_Product>
        <Allow_Info_Resource>Y</Allow_Info_Resource>
        <Allow_Info_Schedule>Y</Allow_Info_Schedule>
        <UserDiscount/>
        <IsDiscountUptoLimitPrice>N</IsDiscountUptoLimitPrice>
        <IsDiscountAllowedOnTotal>N</IsDiscountAllowedOnTotal>
        <AmtApprovalAccum>0</AmtApprovalAccum>
        <DaysApprovalAccum>0</DaysApprovalAccum>
        <AD_Role_UU>4ad013e1-aba9-48e4-b173-7eb3e2e3179d</AD_Role_UU>
        <IsMenuAutoExpand>N</IsMenuAutoExpand>
        <IsMasterRole>Y</IsMasterRole>
        <IsAccessAdvanced>Y</IsAccessAdvanced>
    </AD_Role>
    <AD_Role type="table">
        <AD_Client_ID>0</AD_Client_ID>
        <AD_Org_ID>0</AD_Org_ID>
        <Name>Report Stock Discrepancy</Name>
        <Description>Generate List of inventory changed using the balance my stock levels window</Description>
        <UserLevel>S  </UserLevel>
        <IsActive>Y</IsActive>
        <C_Currency_ID reference="id"/>
        <AmtApproval>0</AmtApproval>
        <AD_Tree_Menu_ID reference="id"/>
        <IsManual>Y</IsManual>
        <IsPersonalAccess>N</IsPersonalAccess>
        <IsShowAcct>N</IsShowAcct>
        <IsPersonalLock>N</IsPersonalLock>
        <IsCanReport>Y</IsCanReport>
        <IsCanExport>Y</IsCanExport>
        <Supervisor_ID reference="id"/>
        <IsCanApproveOwnDoc>N</IsCanApproveOwnDoc>
        <IsAccessAllOrgs>N</IsAccessAllOrgs>
        <IsChangeLog>N</IsChangeLog>
        <PreferenceType>O</PreferenceType>
        <OverwritePriceLimit>N</OverwritePriceLimit>
        <AD_Tree_Org_ID reference="id"/>
        <IsUseUserOrgAccess>N</IsUseUserOrgAccess>
        <ConfirmQueryRecords>0</ConfirmQueryRecords>
        <MaxQueryRecords>0</MaxQueryRecords>
        <Allow_Info_Account>Y</Allow_Info_Account>
        <Allow_Info_Asset>Y</Allow_Info_Asset>
        <Allow_Info_BPartner>Y</Allow_Info_BPartner>
        <Allow_Info_InOut>Y</Allow_Info_InOut>
        <Allow_Info_Invoice>Y</Allow_Info_Invoice>
        <Allow_Info_Order>Y</Allow_Info_Order>
        <Allow_Info_Payment>Y</Allow_Info_Payment>
        <Allow_Info_Product>Y</Allow_Info_Product>
        <Allow_Info_Resource>Y</Allow_Info_Resource>
        <Allow_Info_Schedule>Y</Allow_Info_Schedule>
        <UserDiscount/>
        <IsDiscountUptoLimitPrice>N</IsDiscountUptoLimitPrice>
        <IsDiscountAllowedOnTotal>N</IsDiscountAllowedOnTotal>
        <AmtApprovalAccum>0</AmtApprovalAccum>
        <DaysApprovalAccum>0</DaysApprovalAccum>
        <AD_Role_UU>f24e4e10-9c58-40dd-addd-b74d545540b7</AD_Role_UU>
        <IsMenuAutoExpand>N</IsMenuAutoExpand>
        <IsMasterRole>Y</IsMasterRole>
        <IsAccessAdvanced>Y</IsAccessAdvanced>
    </AD_Role>
    <AD_Role type="table">
        <AD_Client_ID>0</AD_Client_ID>
        <AD_Org_ID>0</AD_Org_ID>
        <Name>Report Donor Fund Generic</Name>
        <Description>Generate list of transactions settled by donor fund payment mode</Description>
        <UserLevel>S  </UserLevel>
        <IsActive>Y</IsActive>
        <C_Currency_ID reference="id"/>
        <AmtApproval>0</AmtApproval>
        <AD_Tree_Menu_ID reference="id"/>
        <IsManual>Y</IsManual>
        <IsPersonalAccess>N</IsPersonalAccess>
        <IsShowAcct>N</IsShowAcct>
        <IsPersonalLock>N</IsPersonalLock>
        <IsCanReport>Y</IsCanReport>
        <IsCanExport>Y</IsCanExport>
        <Supervisor_ID reference="id"/>
        <IsCanApproveOwnDoc>N</IsCanApproveOwnDoc>
        <IsAccessAllOrgs>N</IsAccessAllOrgs>
        <IsChangeLog>N</IsChangeLog>
        <PreferenceType>O</PreferenceType>
        <OverwritePriceLimit>N</OverwritePriceLimit>
        <AD_Tree_Org_ID reference="id"/>
        <IsUseUserOrgAccess>N</IsUseUserOrgAccess>
        <ConfirmQueryRecords>0</ConfirmQueryRecords>
        <MaxQueryRecords>0</MaxQueryRecords>
        <Allow_Info_Account>Y</Allow_Info_Account>
        <Allow_Info_Asset>Y</Allow_Info_Asset>
        <Allow_Info_BPartner>Y</Allow_Info_BPartner>
        <Allow_Info_InOut>Y</Allow_Info_InOut>
        <Allow_Info_Invoice>Y</Allow_Info_Invoice>
        <Allow_Info_Order>Y</Allow_Info_Order>
        <Allow_Info_Payment>Y</Allow_Info_Payment>
        <Allow_Info_Product>Y</Allow_Info_Product>
        <Allow_Info_Resource>Y</Allow_Info_Resource>
        <Allow_Info_Schedule>Y</Allow_Info_Schedule>
        <UserDiscount/>
        <IsDiscountUptoLimitPrice>N</IsDiscountUptoLimitPrice>
        <IsDiscountAllowedOnTotal>N</IsDiscountAllowedOnTotal>
        <AmtApprovalAccum>0</AmtApprovalAccum>
        <DaysApprovalAccum>0</DaysApprovalAccum>
        <AD_Role_UU>47fce734-fe3d-457d-8a5a-afa611c79901</AD_Role_UU>
        <IsMenuAutoExpand>N</IsMenuAutoExpand>
        <IsMasterRole>Y</IsMasterRole>
        <IsAccessAdvanced>Y</IsAccessAdvanced>
    </AD_Role>
    <AD_Package_Exp type="table">
        <AD_Client_ID>0</AD_Client_ID>
        <AD_Org_ID>0</AD_Org_ID>
        <AD_Package_Type>X</AD_Package_Type>
        <EMail/>
        <Instructions/>
        <Name>BH_BaseRoles</Name>
        <Processed>N</Processed>
        <ReleaseNo/>
        <Version/>
        <UserName/>
        <Processing>N</Processing>
        <PK_Version>1.0.6</PK_Version>
        <IsActive>Y</IsActive>
        <File_Directory/>
        <Description>Definition of all base roles for BandaGo                                                                                                                                                                                                                                                                                                                                              + Added donor fund and stock discrepancy base role</Description>
        <AD_Package_Exp_UU>28aa6de5-e711-475d-afde-ce53fa194bc3</AD_Package_Exp_UU>
        <DateFrom/>
        <IsExportDictionaryEntity>N</IsExportDictionaryEntity>
        <AD_Package_Exp_Detail type="table">
            <AD_Client_ID>0</AD_Client_ID>
            <AD_Org_ID>0</AD_Org_ID>
            <AD_Form_ID reference="id"/>
            <AD_ImpFormat_ID reference="id"/>
            <AD_Menu_ID reference="id"/>
            <AD_Process_ID reference="id"/>
            <AD_Role_ID reference="id">0</AD_Role_ID>
            <AD_Window_ID reference="id"/>
            <AD_Workflow_ID reference="id"/>
            <IsActive>Y</IsActive>
            <File_Directory/>
            <FileName/>
            <Destination_FileName/>
            <Destination_Directory/>
            <Description/>
            <DBType>ALL</DBType>
            <Type>D</Type>
            <Target_Directory/>
            <SQLStatement>SELECT * FROM AD_Role WHERE AD_Role.isMasterRole='Y'</SQLStatement>
            <ReleaseNo/>
            <Processing>N</Processing>
            <Processed>N</Processed>
            <Name2/>
            <Line>10</Line>
            <AD_Workbench_ID reference="id"/>
            <AD_Table_ID reference="id">156</AD_Table_ID>
            <AD_ReportView_ID reference="id"/>
            <AD_Package_Exp_ID reference="uuid" reference-key="AD_Package_Exp">28aa6de5-e711-475d-afde-ce53fa194bc3</AD_Package_Exp_ID>
            <AD_Package_Code_New/>
            <AD_Package_Code_Old/>
            <AD_Val_Rule_ID reference="id"/>
            <AD_Message_ID reference="id"/>
            <AD_PrintFormat_ID reference="id"/>
            <AD_Reference_ID reference="id"/>
            <AD_ModelValidator_ID reference="id"/>
            <AD_EntityType_ID reference="id"/>
            <AD_Package_Exp_Detail_UU>139c2b4b-f532-4e1f-b496-d7eab986f4ed</AD_Package_Exp_Detail_UU>
        </AD_Package_Exp_Detail>
        <AD_Package_Exp_Detail type="table">
            <AD_Client_ID>0</AD_Client_ID>
            <AD_Org_ID>0</AD_Org_ID>
            <AD_Form_ID reference="id"/>
            <AD_ImpFormat_ID reference="id"/>
            <AD_Menu_ID reference="id"/>
            <AD_Process_ID reference="id"/>
            <AD_Role_ID reference="id">0</AD_Role_ID>
            <AD_Window_ID reference="id"/>
            <AD_Workflow_ID reference="id"/>
            <IsActive>Y</IsActive>
            <File_Directory/>
            <FileName/>
            <Destination_FileName/>
            <Destination_Directory/>
            <Description/>
            <DBType>ALL</DBType>
            <Type>D</Type>
            <Target_Directory/>
            <SQLStatement>SELECT * FROM AD_Package_Exp WHERE AD_Package_Exp_UU='28aa6de5-e711-475d-afde-ce53fa194bc3';AD_Package_Exp_Detail </SQLStatement>
            <ReleaseNo/>
            <Processing>N</Processing>
            <Processed>N</Processed>
            <Name2/>
            <Line>20</Line>
            <AD_Workbench_ID reference="id"/>
            <AD_Table_ID reference="id">50005</AD_Table_ID>
            <AD_ReportView_ID reference="id"/>
            <AD_Package_Exp_ID reference="uuid" reference-key="AD_Package_Exp">28aa6de5-e711-475d-afde-ce53fa194bc3</AD_Package_Exp_ID>
            <AD_Package_Code_New/>
            <AD_Package_Code_Old/>
            <AD_Val_Rule_ID reference="id"/>
            <AD_Message_ID reference="id"/>
            <AD_PrintFormat_ID reference="id"/>
            <AD_Reference_ID reference="id"/>
            <AD_ModelValidator_ID reference="id"/>
            <AD_EntityType_ID reference="id"/>
            <AD_Package_Exp_Detail_UU>d4731622-ec8c-49e7-87bd-4d1727ceae3c</AD_Package_Exp_Detail_UU>
        </AD_Package_Exp_Detail>
    </AD_Package_Exp>
</idempiere>
