<?xml version="1.0" encoding="UTF-8"?><?xml-stylesheet type="text/css" href="idempiereDocument.css"?><idempiereDocument>
    <header>BH_DashboardButtonsData Package Description</header>
    <H1>Package Name:</H1>
    <packagename>BH_DashboardButtonsData</packagename>
    <H1>Author:</H1>
    <Name:/>
    <H1>Email Address:</H1>
    <Email/>
    <H1>Created:</H1>
    <Date>2019-03-19 10:25:02.47</Date>
    <H1>Updated:</H1>
    <Date>2019-03-20 17:01:33.74</Date>
    <H1>Description:</H1>
    <description>- This packout carries the menu data (what is seen on the west/side panel)                                                                                                                                                                                                                          - Load Metrics as initial view</description>
    <H1>Instructions:</H1>
    <instructions/>
    <H1>Files in Package:</H1>
    <file>File: PackOut.xml</file>
    <filedirectory>Directory: \dict\</filedirectory>
    <filenotes>Notes: Contains all application/object settings for package</filenotes>
    <H1>Client:</H1>
    <Client>0-SYSTEM-System</Client>
</idempiereDocument>
