<?xml version="1.0" encoding="UTF-8"?><?xml-stylesheet type="text/css" href="idempiereDocument.css"?><idempiereDocument>
    <header>BH_MyExpenses Package Description</header>
    <H1>Package Name:</H1>
    <packagename>BH_MyExpenses</packagename>
    <H1>Author:</H1>
    <Name:/>
    <H1>Email Address:</H1>
    <Email/>
    <H1>Created:</H1>
    <Date>2018-09-11 14:27:32.59</Date>
    <H1>Updated:</H1>
    <Date>2020-08-20 12:56:34.533</Date>
    <H1>Description:</H1>
    <description>11.0.2 &gt; Updating quantity field to have a default value of 1
11.0.1 &gt; Ensuring new column, BH_Locked, has a default value
11.0.0 &gt; Updated "Track Expenses" screen to be a simplified Invoice
10.1.0 &gt; updated the "Expenses" screen to be "Expense Categories" and added locking ability
Update to version 10</description>
    <H1>Instructions:</H1>
    <instructions/>
    <H1>Files in Package:</H1>
    <file>File: PackOut.xml</file>
    <filedirectory>Directory: \dict\</filedirectory>
    <filenotes>Notes: Contains all application/object settings for package</filenotes>
    <H1>Client:</H1>
    <Client>0-SYSTEM-System</Client>
</idempiereDocument>
